Order_ID,Order_Date,Customer_Segment,Priority,Product_Category,Order_Value_INR,Origin,Destination,Special_Handling,Carrier,Promised_Delivery_Days,Actual_Delivery_Days,Delivery_Status,Quality_Issue,Customer_Rating,Delivery_Cost_INR,Delay_Hours,Is_Delayed,Route,Distance_KM,Fuel_Consumption_L,Toll_Charges_INR,Traffic_Delay_Minutes,Weather_Impact,Fuel_Cost,Labor_Cost,Vehicle_Maintenance,Insurance,Packaging_Cost,Technology_Platform_Fee,Other_Overhead,Feedback_Date,Rating,Feedback_Text,Would_Recommend,Issue_Category,Assigned_Warehouse_ID,Assigned_Warehouse_Location,Assigned_Warehouse_Stock,Assigned_Warehouse_Reorder_Level,Assigned_Warehouse_Storage_Cost,Assigned_Warehouse_Last_Restocked,Assigned_Vehicle_ID,Assigned_Vehicle_Type,Assigned_Vehicle_Capacity_KG,Assigned_Vehicle_FuelEff,Assigned_Vehicle_Current_Location,Assigned_Vehicle_Status,Assigned_Vehicle_Age,Assigned_Vehicle_CO2_per_KM,Total_Cost_INR,CO2_Est_kg
ORD000001,2025-10-09,Individual,Express,Industrial,238.73,Kolkata,Hyderabad,,SpeedyLogistics,1.0,2.0,Slightly-Delayed,Perfect,3.0,387.86,24.0,True,Kolkata-Hyderabad,152.59,23.02,122.08,21.0,,151.36,110.31,53.0,32.17,37.46,43.77,30.38,,,,,,WH003_Bangalore,Bangalore,3745,728,43.58,2025-09-24,VEH0045,Express_Bike,39.87,30.81,Pune,In_Transit,1.32823897558327,0.088,458.45,13.42792
ORD000002,2025-09-29,SMB,Express,Industrial,17.01,Hyderabad,Kolkata,,SpeedyLogistics,2.0,3.0,Slightly-Delayed,Minor_Damage,1.0,430.19,24.0,True,Hyderabad-Kolkata,362.05,43.98,289.64,33.0,,157.32,146.2,51.61,28.54,21.74,48.64,38.74,2025-10-03,1.0,"Great service, very fast delivery!",Yes,Timing,WH003_Bangalore,Bangalore,3745,728,43.58,2025-09-24,VEH0045,Express_Bike,39.87,30.81,Pune,In_Transit,1.32823897558327,0.088,492.79,31.8604
ORD000003,2025-09-15,SMB,Economy,Industrial,3024.95,Mumbai,Pune,,SpeedyLogistics,10.0,15.0,Severely-Delayed,Minor_Damage,3.0,1039.19,120.0,True,Mumbai-Pune,519.74,65.75,415.79,2.0,,322.61,319.74,128.03,58.13,102.91,92.06,55.45,2025-09-30,3.0,"Perfect condition, thank you",No,Timing,WH003_Bangalore,Bangalore,3745,728,43.58,2025-09-24,VEH0045,Express_Bike,39.87,30.81,Pune,In_Transit,1.32823897558327,0.088,1078.93,45.73712
ORD000004,2025-10-13,Individual,Economy,Fashion,56.74,Hyderabad,Ahmedabad,,QuickShip,5.0,5.0,On-Time,Perfect,5.0,599.01,0.0,False,Hyderabad-Ahmedabad,540.87,61.85,432.7,112.0,,215.33,194.01,60.87,49.68,45.89,50.4,35.12,,,,,,WH004_Chennai,Chennai,4004,292,41.96,2025-10-05,VEH0045,Express_Bike,39.87,30.81,Pune,In_Transit,1.32823897558327,0.088,651.3,47.59656
ORD000005,2025-09-08,SMB,Standard,Fashion,19148.65,Chennai,Mumbai,,SpeedyLogistics,4.0,5.0,Slightly-Delayed,Perfect,3.0,537.9,24.0,True,Chennai-Mumbai,1251.56,147.54,1001.25,10.0,,191.92,150.42,79.03,48.92,53.35,48.62,52.98,,,,,,WH004_Chennai,Chennai,4004,292,41.96,2025-10-05,VEH0045,Express_Bike,39.87,30.81,Pune,In_Transit,1.32823897558327,0.088,625.24,110.13727999999999
ORD000006,2025-09-21,Individual,Express,Food & Beverage,158.22,Chennai,Dubai,,GlobalTransit,1.0,2.0,Slightly-Delayed,Perfect,4.0,378.99,24.0,True,Chennai-Dubai,3041.83,365.82,0.0,0.0,,130.04,107.92,38.85,19.95,32.06,37.26,23.24,,,,,,WH001_Mumbai,Mumbai,4690,823,10.29,2025-10-04,VEH0045,Express_Bike,39.87,30.81,Pune,In_Transit,1.32823897558327,0.088,389.32,267.68104
ORD000007,2025-10-09,Individual,Standard,Electronics,736.82,Pune,Bangalore,,QuickShip,3.0,3.0,On-Time,Perfect,4.0,439.72,0.0,False,Pune-Bangalore,854.87,103.85,683.9,10.0,,158.91,121.05,56.67,29.88,40.09,49.61,32.48,2025-10-12,4.0,"Delayed by 3 days, not acceptable",Yes,Timing,WH004_Chennai,Chennai,3993,867,36.38,2025-09-27,VEH0032,Small_Van,717.2,10.89,Delhi,Maintenance,2.218789634106216,0.248,488.69000000000005,212.00776
ORD000008,2025-09-19,Enterprise,Standard,Industrial,4771.54,Chennai,Kolkata,,GlobalTransit,5.0,10.0,Severely-Delayed,Perfect,2.0,836.35,120.0,True,Chennai-Kolkata,1430.06,173.95,1144.05,81.0,,280.25,239.41,117.33,55.54,50.56,69.74,61.33,,,,,,WH003_Bangalore,Bangalore,3745,728,43.58,2025-09-24,VEH0045,Express_Bike,39.87,30.81,Pune,In_Transit,1.32823897558327,0.088,874.16,125.84527999999999
ORD000009,2025-09-23,SMB,Express,Books,3711.35,Delhi,Hong Kong,,SpeedyLogistics,2.0,2.0,On-Time,Perfect,5.0,414.8,0.0,False,Delhi-Hong Kong,3708.13,446.18,0.0,0.0,,144.44,138.58,46.07,28.64,37.51,46.85,28.72,2025-09-25,5.0,Wrong item delivered,Yes,Service,WH001_Mumbai,Mumbai,4953,488,20.54,2025-10-10,VEH0045,Express_Bike,39.87,30.81,Pune,In_Transit,1.32823897558327,0.088,470.80999999999995,326.31543999999997
ORD000010,2025-09-11,SMB,Standard,Electronics,7936.32,Hyderabad,Mumbai,Hazmat,GlobalTransit,4.0,9.0,Severely-Delayed,Minor_Damage,3.0,891.65,120.0,True,Hyderabad-Mumbai,771.73,88.0,617.39,16.0,Light_Rain,308.43,249.95,130.74,49.87,86.21,95.72,68.28,,,,,,WH004_Chennai,Chennai,3993,867,36.38,2025-09-27,VEH0032,Small_Van,717.2,10.89,Delhi,Maintenance,2.218789634106216,0.248,989.2,191.38904
ORD000011,2025-09-11,Enterprise,Standard,Books,41.07,Delhi,Bangkok,,EcoDeliver,3.0,4.0,Slightly-Delayed,Perfect,3.0,319.8,24.0,True,Delhi-Bangkok,4720.83,562.82,0.0,0.0,,96.98,95.16,38.5,18.57,26.49,38.01,24.98,2025-09-16,3.0,"Perfect condition, thank you",No,Timing,WH001_Mumbai,Mumbai,4953,488,20.54,2025-10-10,VEH0032,Small_Van,717.2,10.89,Delhi,Maintenance,2.218789634106216,0.248,338.69,1170.76584
ORD000012,2025-09-24,Enterprise,Standard,Electronics,73.42,Mumbai,Hong Kong,,ReliableExpress,3.0,3.0,On-Time,Perfect,5.0,583.33,0.0,False,Mumbai-Hong Kong,3797.36,454.22,0.0,0.0,,216.69,149.83,70.51,32.56,47.04,68.56,48.47,,,,,,WH004_Chennai,Chennai,3993,867,36.38,2025-09-27,VEH0032,Small_Van,717.2,10.89,Delhi,Maintenance,2.218789634106216,0.248,633.6600000000001,941.74528
ORD000013,2025-10-06,SMB,Standard,Food & Beverage,566.23,Hyderabad,Bangalore,,QuickShip,3.0,3.0,On-Time,Perfect,4.0,587.57,0.0,False,Hyderabad-Bangalore,164.57,22.21,131.65,102.0,,180.78,167.73,74.93,41.22,53.87,66.15,47.35,2025-10-13,4.0,Wrong item delivered,Yes,Timing,WH001_Mumbai,Mumbai,4690,823,10.29,2025-10-04,VEH0010,Refrigerated,2319.65,7.9,Bangalore,Available,2.816258180055057,0.342,632.03,56.28294
ORD000014,2025-10-10,SMB,Express,Industrial,1421.72,Delhi,Bangalore,,SpeedyLogistics,2.0,2.0,On-Time,Perfect,5.0,313.96,0.0,False,Delhi-Bangalore,1450.16,171.78,1160.13,45.0,,105.91,86.51,33.06,21.27,22.18,33.6,26.03,2025-10-16,5.0,Package arrived damaged,Yes,Service,WH003_Bangalore,Bangalore,3745,728,43.58,2025-09-24,VEH0045,Express_Bike,39.87,30.81,Pune,In_Transit,1.32823897558327,0.088,328.56000000000006,127.61408
ORD000015,2025-09-24,Enterprise,Standard,Industrial,396.69,Kolkata,Delhi,Hazmat,EcoDeliver,3.0,3.0,On-Time,Perfect,5.0,435.14,0.0,False,Kolkata-Delhi,1748.33,214.29,1398.67,25.0,Fog,133.59,125.98,47.47,25.17,39.76,35.54,30.88,2025-09-27,5.0,Poor customer service response,Yes,,WH003_Bangalore,Bangalore,3745,728,43.58,2025-09-24,VEH0045,Express_Bike,39.87,30.81,Pune,In_Transit,1.32823897558327,0.088,438.39,153.85304
ORD000016,2025-09-03,Enterprise,Standard,Healthcare,34.57,Delhi,Mumbai,Fragile,ReliableExpress,3.0,3.0,On-Time,Perfect,5.0,425.42,0.0,False,Delhi-Mumbai,921.79,114.25,737.43,54.0,,134.78,143.76,54.39,26.19,31.96,46.48,41.65,,,,,,WH004_Chennai,Chennai,3916,398,25.31,2025-10-02,VEH0010,Refrigerated,2319.65,7.9,Bangalore,Available,2.816258180055057,0.342,479.2099999999999,315.25218
ORD000017,2025-09-22,Individual,Standard,Books,849.69,Hyderabad,Singapore,,GlobalTransit,5.0,5.0,On-Time,Perfect,4.0,437.4,0.0,False,Hyderabad-Singapore,2857.35,339.91,0.0,0.0,Light_Rain,140.86,148.11,64.17,41.91,35.77,46.01,30.69,,,,,,WH001_Mumbai,Mumbai,4953,488,20.54,2025-10-10,VEH0032,Small_Van,717.2,10.89,Delhi,Maintenance,2.218789634106216,0.248,507.52000000000004,708.6228
ORD000018,2025-09-02,Enterprise,Economy,Electronics,301.46,Mumbai,Chennai,Fragile,EcoDeliver,7.0,8.0,Slightly-Delayed,Perfect,3.0,658.72,24.0,True,Mumbai-Chennai,757.12,90.97,605.7,114.0,,247.18,199.68,88.18,47.05,57.03,74.42,37.76,,,,,,WH004_Chennai,Chennai,3993,867,36.38,2025-09-27,VEH0032,Small_Van,717.2,10.89,Delhi,Maintenance,2.218789634106216,0.248,751.2999999999998,187.76576
ORD000019,2025-09-24,Enterprise,Standard,Electronics,296.08,Ahmedabad,Bangalore,Hazmat,GlobalTransit,5.0,6.0,Slightly-Delayed,Wrong_Item,1.0,417.76,24.0,True,Ahmedabad-Bangalore,1571.48,193.39,1257.18,81.0,,160.12,127.01,59.42,29.9,28.81,48.71,26.13,2025-09-30,1.0,"Delayed by 3 days, not acceptable",No,Timing,WH004_Chennai,Chennai,3993,867,36.38,2025-09-27,VEH0032,Small_Van,717.2,10.89,Delhi,Maintenance,2.218789634106216,0.248,480.09999999999997,389.72704
ORD000020,2025-10-14,SMB,Express,Fashion,13.24,Kolkata,Pune,Temperature_Controlled,QuickShip,2.0,2.0,On-Time,Perfect,5.0,311.13,0.0,False,Kolkata-Pune,1123.6,135.75,898.88,6.0,Fog,119.6,92.84,39.11,20.36,24.47,28.94,16.17,2025-10-20,5.0,Driver was very professional,Yes,,WH004_Chennai,Chennai,4004,292,41.96,2025-10-05,VEH0045,Express_Bike,39.87,30.81,Pune,In_Transit,1.32823897558327,0.088,341.49,98.87679999999999
ORD000021,2025-09-30,Individual,Express,Healthcare,1334.39,Mumbai,Singapore,Fragile,QuickShip,2.0,2.0,On-Time,Perfect,5.0,526.67,0.0,False,Mumbai-Singapore,2601.42,308.26,0.0,0.0,Heavy_Rain,172.33,132.0,78.43,51.77,36.74,57.48,35.44,2025-10-03,5.0,Excellent packaging,No,Quality,WH004_Chennai,Chennai,3916,398,25.31,2025-10-02,VEH0045,Express_Bike,39.87,30.81,Pune,In_Transit,1.32823897558327,0.088,564.19,228.92496
ORD000022,2025-10-08,Enterprise,Standard,Home Goods,501.6,Bangalore,Dubai,Fragile,SpeedyLogistics,3.0,3.0,On-Time,Perfect,5.0,363.82,0.0,False,Bangalore-Dubai,3317.45,401.56,0.0,0.0,Heavy_Rain,133.56,120.26,53.6,25.47,32.44,32.98,36.21,2025-10-14,5.0,Poor customer service response,Yes,,WH005_Kolkata,Kolkata,2721,843,25.89,2025-10-01,VEH0032,Small_Van,717.2,10.89,Delhi,Maintenance,2.218789634106216,0.248,434.52,822.7275999999999
ORD000023,2025-09-02,SMB,Express,Home Goods,5959.53,Ahmedabad,Dubai,,EcoDeliver,1.0,3.0,Slightly-Delayed,Perfect,4.0,577.28,48.0,True,Ahmedabad-Dubai,2187.37,266.32,0.0,0.0,,174.67,179.16,76.76,48.72,32.34,67.85,34.09,2025-09-05,4.0,Driver was very professional,Yes,,WH005_Kolkata,Kolkata,2721,843,25.89,2025-10-01,VEH0045,Express_Bike,39.87,30.81,Pune,In_Transit,1.32823897558327,0.088,613.59,192.48855999999998
ORD000024,2025-09-21,Individual,Standard,Fashion,360.77,Bangalore,Kolkata,,ReliableExpress,5.0,6.0,Slightly-Delayed,Perfect,3.0,612.64,24.0,True,Bangalore-Kolkata,967.74,117.39,774.19,30.0,Light_Rain,221.94,166.8,70.67,47.37,43.41,52.94,35.87,,,,,,WH004_Chennai,Chennai,4004,292,41.96,2025-10-05,VEH0045,Express_Bike,39.87,30.81,Pune,In_Transit,1.32823897558327,0.088,639.0000000000001,85.16112
ORD000025,2025-10-03,Enterprise,Economy,Fashion,943.42,Mumbai,Hyderabad,,QuickShip,10.0,10.0,On-Time,Perfect,5.0,951.95,0.0,False,Mumbai-Hyderabad,1396.41,171.86,1117.13,85.0,Light_Rain,325.39,310.08,137.94,51.6,66.31,79.97,48.39,2025-10-17,5.0,Late delivery but good quality,No,Quality,WH004_Chennai,Chennai,4004,292,41.96,2025-10-05,VEH0045,Express_Bike,39.87,30.81,Pune,In_Transit,1.32823897558327,0.088,1019.6800000000002,122.88408
ORD000026,2025-09-12,Individual,Standard,Fashion,1404.91,Bangalore,Delhi,,SpeedyLogistics,5.0,6.0,Slightly-Delayed,Perfect,3.0,629.91,24.0,True,Bangalore-Delhi,1277.31,149.62,1021.84,20.0,,230.66,195.43,68.13,38.86,32.24,71.43,62.19,2025-09-20,3.0,Late delivery but good quality,Yes,Service,WH004_Chennai,Chennai,4004,292,41.96,2025-10-05,VEH0045,Express_Bike,39.87,30.81,Pune,In_Transit,1.32823897558327,0.088,698.94,112.40328
ORD000027,2025-09-22,SMB,Standard,Books,29.39,Bangalore,Bangkok,,SpeedyLogistics,5.0,5.0,On-Time,Perfect,5.0,361.87,0.0,False,Bangalore-Bangkok,4413.31,527.38,0.0,0.0,,113.46,98.84,51.9,34.86,25.69,29.68,18.81,,,,,,WH001_Mumbai,Mumbai,4953,488,20.54,2025-10-10,VEH0032,Small_Van,717.2,10.89,Delhi,Maintenance,2.218789634106216,0.248,373.24,1094.50088
ORD000028,2025-10-14,SMB,Standard,Books,20435.93,Kolkata,Dubai,,GlobalTransit,5.0,5.0,On-Time,Perfect,5.0,620.17,0.0,False,Kolkata-Dubai,4872.34,579.77,0.0,0.0,Fog,221.65,179.41,62.91,49.09,31.36,69.15,40.51,,,,,,WH001_Mumbai,Mumbai,4953,488,20.54,2025-10-10,VEH0032,Small_Van,717.2,10.89,Delhi,Maintenance,2.218789634106216,0.248,654.08,1208.34032
ORD000029,2025-09-25,SMB,Standard,Food & Beverage,211.41,Chennai,Singapore,,ReliableExpress,3.0,3.0,On-Time,Perfect,5.0,267.94,0.0,False,Chennai-Singapore,4030.46,486.94,0.0,0.0,,81.46,82.75,32.12,26.44,20.69,24.39,22.9,,,,,,WH001_Mumbai,Mumbai,4690,823,10.29,2025-10-04,VEH0010,Refrigerated,2319.65,7.9,Bangalore,Available,2.816258180055057,0.342,290.74999999999994,1378.41732
ORD000030,2025-10-19,SMB,Standard,Food & Beverage,847.13,Delhi,Chennai,Fragile,GlobalTransit,5.0,5.0,On-Time,Perfect,5.0,530.24,0.0,False,Delhi-Chennai,124.34,17.3,99.47,24.0,,173.47,180.51,62.96,41.09,27.85,51.46,48.58,2025-10-28,5.0,Wrong item delivered,Yes,Other,WH001_Mumbai,Mumbai,4690,823,10.29,2025-10-04,VEH0010,Refrigerated,2319.65,7.9,Bangalore,Available,2.816258180055057,0.342,585.9200000000001,42.524280000000005
ORD000031,2025-09-27,Enterprise,Economy,Fashion,1054.55,Mumbai,Bangkok,Temperature_Controlled,QuickShip,7.0,8.0,Slightly-Delayed,Perfect,3.0,871.77,24.0,True,Mumbai-Bangkok,2207.09,259.91,0.0,0.0,Heavy_Rain,331.77,237.5,97.03,79.21,84.14,73.07,63.21,2025-10-07,3.0,Poor customer service response,Yes,,WH004_Chennai,Chennai,4004,292,41.96,2025-10-05,VEH0045,Express_Bike,39.87,30.81,Pune,In_Transit,1.32823897558327,0.088,965.9300000000001,194.22392
ORD000032,2025-10-12,Individual,Standard,Healthcare,118.85,Chennai,Dubai,,ReliableExpress,3.0,5.0,Slightly-Delayed,Perfect,3.0,416.08,48.0,True,Chennai-Dubai,4465.78,538.99,0.0,0.0,Heavy_Rain,138.86,140.25,43.35,25.2,36.46,34.14,31.05,2025-10-21,3.0,"Great service, very fast delivery!",No,Service,WH004_Chennai,Chennai,3916,398,25.31,2025-10-02,VEH0010,Refrigerated,2319.65,7.9,Bangalore,Available,2.816258180055057,0.342,449.31,1527.29676
ORD000033,2025-09-28,SMB,Economy,Electronics,6441.2,Delhi,Chennai,,SpeedyLogistics,5.0,5.0,On-Time,Perfect,5.0,505.95,0.0,False,Delhi-Chennai,1290.06,150.85,1032.05,22.0,,174.15,143.41,60.58,38.7,29.38,52.05,45.67,,,,,,WH004_Chennai,Chennai,3993,867,36.38,2025-09-27,VEH0032,Small_Van,717.2,10.89,Delhi,Maintenance,2.218789634106216,0.248,543.9399999999999,319.93487999999996
ORD000034,2025-09-16,Enterprise,Economy,Books,601.2,Mumbai,Dubai,Temperature_Controlled,ReliableExpress,7.0,8.0,Slightly-Delayed,Perfect,3.0,791.94,24.0,True,Mumbai-Dubai,2232.95,267.03,0.0,0.0,,297.78,210.17,85.1,50.22,53.89,76.29,66.51,2025-09-27,3.0,Driver was very professional,Yes,,WH001_Mumbai,Mumbai,4953,488,20.54,2025-10-10,VEH0032,Small_Van,717.2,10.89,Delhi,Maintenance,2.218789634106216,0.248,839.9599999999999,553.7715999999999
ORD000035,2025-09-15,Enterprise,Express,Healthcare,292.89,Pune,Delhi,,SpeedyLogistics,2.0,3.0,Slightly-Delayed,Perfect,3.0,602.9,24.0,True,Pune-Delhi,212.22,23.95,169.77,2.0,,184.29,152.82,72.1,51.16,35.98,63.7,37.98,,,,,,WH004_Chennai,Chennai,3916,398,25.31,2025-10-02,VEH0045,Express_Bike,39.87,30.81,Pune,In_Transit,1.32823897558327,0.088,598.0300000000001,18.675359999999998
ORD000036,2025-10-17,SMB,Express,Industrial,496.59,Chennai,Hong Kong,Fragile,EcoDeliver,2.0,3.0,Slightly-Delayed,Perfect,3.0,518.38,24.0,True,Chennai-Hong Kong,3731.12,449.71,0.0,0.0,,201.45,176.03,59.54,31.88,36.58,46.46,43.35,,,,,,WH003_Bangalore,Bangalore,3745,728,43.58,2025-09-24,VEH0045,Express_Bike,39.87,30.81,Pune,In_Transit,1.32823897558327,0.088,595.2900000000001,328.33856
ORD000037,2025-10-14,SMB,Express,Books,1269.5,Chennai,Dubai,,QuickShip,1.0,1.0,On-Time,Minor_Damage,4.0,253.27,0.0,False,Chennai-Dubai,2302.82,280.03,0.0,0.0,,96.9,80.36,35.77,17.69,14.64,27.74,17.23,,,,,,WH001_Mumbai,Mumbai,4953,488,20.54,2025-10-10,VEH0045,Express_Bike,39.87,30.81,Pune,In_Transit,1.32823897558327,0.088,290.33000000000004,202.64816
ORD000038,2025-09-03,Enterprise,Express,Books,410.02,Hyderabad,Singapore,,SpeedyLogistics,1.0,6.0,Severely-Delayed,Perfect,1.0,669.84,120.0,True,Hyderabad-Singapore,2338.79,284.08,0.0,0.0,,245.92,185.59,69.7,66.74,38.72,80.07,66.22,2025-09-11,1.0,Poor customer service response,Yes,Timing,WH001_Mumbai,Mumbai,4953,488,20.54,2025-10-10,VEH0045,Express_Bike,39.87,30.81,Pune,In_Transit,1.32823897558327,0.088,752.96,205.81351999999998
ORD000039,2025-10-07,SMB,Express,Food & Beverage,1514.58,Bangalore,Dubai,Hazmat,GlobalTransit,2.0,3.0,Slightly-Delayed,Perfect,3.0,368.69,24.0,True,Bangalore-Dubai,3434.78,408.63,0.0,0.0,Light_Rain,139.87,116.48,47.52,34.4,23.77,36.39,29.85,,,,,,WH001_Mumbai,Mumbai,4690,823,10.29,2025-10-04,VEH0045,Express_Bike,39.87,30.81,Pune,In_Transit,1.32823897558327,0.088,428.28,302.26064
ORD000040,2025-09-07,Enterprise,Standard,Electronics,32.22,Kolkata,Hyderabad,,GlobalTransit,5.0,5.0,On-Time,Perfect,5.0,637.37,0.0,False,Kolkata-Hyderabad,1233.65,145.15,986.92,33.0,,217.42,186.59,74.26,49.85,58.98,56.13,61.65,2025-09-12,5.0,"Perfect condition, thank you",No,Quality,WH004_Chennai,Chennai,3993,867,36.38,2025-09-27,VEH0032,Small_Van,717.2,10.89,Delhi,Maintenance,2.218789634106216,0.248,704.88,305.9452
ORD000041,2025-09-21,SMB,Express,Electronics,131.37,Bangalore,Bangkok,,ReliableExpress,1.0,2.0,Slightly-Delayed,Perfect,3.0,581.61,24.0,True,Bangalore-Bangkok,4410.45,533.55,0.0,0.0,,214.56,193.28,74.34,51.75,29.55,65.57,30.25,2025-09-24,3.0,"No complaints, smooth process",Yes,Timing,WH004_Chennai,Chennai,3993,867,36.38,2025-09-27,VEH0045,Express_Bike,39.87,30.81,Pune,In_Transit,1.32823897558327,0.088,659.3,388.11959999999993
ORD000042,2025-09-09,Enterprise,Standard,Home Goods,16.31,Mumbai,Bangkok,Fragile,ReliableExpress,4.0,4.0,On-Time,Perfect,4.0,588.56,0.0,False,Mumbai-Bangkok,4718.33,564.41,0.0,0.0,,228.94,205.52,67.51,35.62,51.95,53.04,54.9,,,,,,WH005_Kolkata,Kolkata,2721,843,25.89,2025-10-01,VEH0032,Small_Van,717.2,10.89,Delhi,Maintenance,2.218789634106216,0.248,697.48,1170.14584
ORD000043,2025-10-09,SMB,Economy,Home Goods,8066.8,Delhi,Bangalore,,QuickShip,10.0,12.0,Slightly-Delayed,Wrong_Item,1.0,1045.15,48.0,True,Delhi-Bangalore,484.25,59.51,387.4,52.0,,324.29,274.45,155.68,87.47,96.51,97.17,87.61,,,,,,WH005_Kolkata,Kolkata,2721,843,25.89,2025-10-01,VEH0032,Small_Van,717.2,10.89,Delhi,Maintenance,2.218789634106216,0.248,1123.18,120.094
ORD000044,2025-09-18,SMB,Express,Home Goods,7910.83,Bangalore,Singapore,,SpeedyLogistics,1.0,1.0,On-Time,Perfect,5.0,150.84,0.0,False,Bangalore-Singapore,2643.88,316.43,0.0,0.0,Light_Rain,54.22,46.81,20.23,11.88,10.78,13.73,13.34,2025-09-23,5.0,Driver was very professional,No,Other,WH005_Kolkata,Kolkata,2721,843,25.89,2025-10-01,VEH0045,Express_Bike,39.87,30.81,Pune,In_Transit,1.32823897558327,0.088,170.99,232.66144
ORD000045,2025-09-04,Individual,Economy,Home Goods,1032.69,Kolkata,Pune,Hazmat,SpeedyLogistics,5.0,5.0,On-Time,Perfect,4.0,637.03,0.0,False,Kolkata-Pune,419.33,52.52,335.47,31.0,,205.52,203.36,71.14,51.77,55.65,56.54,33.76,,,,,,WH005_Kolkata,Kolkata,2721,843,25.89,2025-10-01,VEH0032,Small_Van,717.2,10.89,Delhi,Maintenance,2.218789634106216,0.248,677.7399999999999,103.99383999999999
ORD000046,2025-09-25,Enterprise,Standard,Industrial,88.33,Mumbai,Singapore,,SpeedyLogistics,3.0,5.0,Slightly-Delayed,Perfect,3.0,681.84,48.0,True,Mumbai-Singapore,3757.59,452.16,0.0,0.0,,213.48,211.78,97.14,35.63,59.12,63.86,50.41,,,,,,WH003_Bangalore,Bangalore,3745,728,43.58,2025-09-24,VEH0045,Express_Bike,39.87,30.81,Pune,In_Transit,1.32823897558327,0.088,731.42,330.66792
ORD000047,2025-09-14,SMB,Express,Industrial,14542.31,Mumbai,Bangkok,Temperature_Controlled,QuickShip,1.0,1.0,On-Time,Perfect,4.0,166.22,0.0,False,Mumbai-Bangkok,4047.85,483.16,0.0,0.0,Light_Rain,65.31,47.07,20.49,8.42,8.99,15.02,8.54,,,,,,WH003_Bangalore,Bangalore,3745,728,43.58,2025-09-24,VEH0045,Express_Bike,39.87,30.81,Pune,In_Transit,1.32823897558327,0.088,173.84,356.21079999999995
ORD000048,2025-10-20,Enterprise,Standard,Books,162.94,Delhi,Hyderabad,,EcoDeliver,3.0,3.0,On-Time,Perfect,5.0,598.64,0.0,False,Delhi-Hyderabad,1498.31,182.84,1198.65,21.0,,217.39,175.19,76.27,35.16,38.79,63.79,58.83,2025-10-25,5.0,Package arrived damaged,Yes,Service,WH001_Mumbai,Mumbai,4953,488,20.54,2025-10-10,VEH0032,Small_Van,717.2,10.89,Delhi,Maintenance,2.218789634106216,0.248,665.42,371.58088
ORD000049,2025-09-09,Individual,Standard,Fashion,293.0,Delhi,Hong Kong,,GlobalTransit,5.0,5.0,On-Time,Major_Damage,3.0,452.68,0.0,False,Delhi-Hong Kong,2359.86,287.35,0.0,0.0,Light_Rain,138.09,153.48,58.33,35.4,33.96,37.47,24.67,2025-09-16,3.0,Driver was very professional,Yes,,WH004_Chennai,Chennai,4004,292,41.96,2025-10-05,VEH0045,Express_Bike,39.87,30.81,Pune,In_Transit,1.32823897558327,0.088,481.3999999999999,207.66768
ORD000050,2025-09-26,Individual,Economy,Food & Beverage,512.5,Kolkata,Delhi,,SpeedyLogistics,5.0,5.0,On-Time,Wrong_Item,4.0,616.12,0.0,False,Kolkata-Delhi,782.46,90.48,625.97,33.0,,221.86,175.04,89.87,43.33,35.22,66.9,39.84,,,,,,WH001_Mumbai,Mumbai,4690,823,10.29,2025-10-04,VEH0010,Refrigerated,2319.65,7.9,Bangalore,Available,2.816258180055057,0.342,672.0600000000001,267.60132000000004
ORD000051,2025-09-02,Enterprise,Economy,Food & Beverage,794.15,Delhi,Pune,,QuickShip,10.0,10.0,On-Time,Perfect,5.0,920.14,0.0,False,Delhi-Pune,1170.25,135.97,936.2,75.0,,324.39,294.25,133.43,82.45,77.12,98.63,89.53,,,,,,WH001_Mumbai,Mumbai,4690,823,10.29,2025-10-04,VEH0010,Refrigerated,2319.65,7.9,Bangalore,Available,2.816258180055057,0.342,1099.8,400.2255
ORD000052,2025-09-20,SMB,Economy,Home Goods,1059.66,Chennai,Hyderabad,Temperature_Controlled,ReliableExpress,7.0,8.0,Slightly-Delayed,Perfect,3.0,765.07,24.0,True,Chennai-Hyderabad,274.67,29.85,219.74,92.0,,252.15,191.35,86.91,46.59,63.57,80.6,60.96,2025-09-30,3.0,"Great service, very fast delivery!",Yes,Timing,WH005_Kolkata,Kolkata,2721,843,25.89,2025-10-01,VEH0032,Small_Van,717.2,10.89,Delhi,Maintenance,2.218789634106216,0.248,782.1300000000001,68.11816
ORD000053,2025-09-28,Individual,Standard,Books,1125.45,Bangalore,Hyderabad,Temperature_Controlled,ReliableExpress,3.0,3.0,On-Time,Perfect,5.0,286.91,0.0,False,Bangalore-Hyderabad,569.49,70.41,455.59,86.0,,86.54,92.64,33.33,23.89,22.33,26.89,16.28,2025-10-04,5.0,Wrong item delivered,Yes,Timing,WH001_Mumbai,Mumbai,4953,488,20.54,2025-10-10,VEH0032,Small_Van,717.2,10.89,Delhi,Maintenance,2.218789634106216,0.248,301.9,141.23352
ORD000054,2025-10-17,SMB,Express,Healthcare,324.8,Bangalore,Mumbai,,EcoDeliver,2.0,3.0,Slightly-Delayed,Perfect,3.0,488.53,24.0,True,Bangalore-Mumbai,893.85,105.67,715.08,43.0,Light_Rain,151.17,162.75,71.29,40.3,26.95,46.94,42.23,,,,,,WH004_Chennai,Chennai,3916,398,25.31,2025-10-02,VEH0045,Express_Bike,39.87,30.81,Pune,In_Transit,1.32823897558327,0.088,541.63,78.6588
ORD000055,2025-09-07,SMB,Economy,Fashion,1099.0,Hyderabad,Delhi,Fragile,GlobalTransit,7.0,12.0,Severely-Delayed,Perfect,3.0,919.83,120.0,True,Hyderabad-Delhi,637.66,72.54,510.13,64.0,,347.68,240.83,91.98,78.74,62.39,82.95,46.58,2025-09-22,3.0,Package arrived damaged,No,Timing,WH004_Chennai,Chennai,4004,292,41.96,2025-10-05,VEH0045,Express_Bike,39.87,30.81,Pune,In_Transit,1.32823897558327,0.088,951.1500000000001,56.114079999999994
ORD000056,2025-10-14,Enterprise,Economy,Books,303.74,Delhi,Singapore,,SpeedyLogistics,7.0,7.0,On-Time,Perfect,5.0,810.13,0.0,False,Delhi-Singapore,3694.95,447.06,0.0,0.0,,286.81,271.49,119.8,63.42,61.35,67.57,62.74,,,,,,WH001_Mumbai,Mumbai,4953,488,20.54,2025-10-10,VEH0032,Small_Van,717.2,10.89,Delhi,Maintenance,2.218789634106216,0.248,933.1799999999998,916.3475999999999
ORD000057,2025-09-08,Enterprise,Economy,Fashion,961.94,Kolkata,Bangalore,,EcoDeliver,10.0,10.0,On-Time,Perfect,5.0,761.7,0.0,False,Kolkata-Bangalore,1642.24,201.5,1313.79,82.0,Heavy_Rain,257.45,236.67,90.97,47.24,41.7,70.53,41.77,,,,,,WH004_Chennai,Chennai,4004,292,41.96,2025-10-05,VEH0045,Express_Bike,39.87,30.81,Pune,In_Transit,1.32823897558327,0.088,786.33,144.51712
ORD000058,2025-10-17,Individual,Standard,Fashion,850.6,Delhi,Hong Kong,,ReliableExpress,4.0,4.0,On-Time,Incomplete,3.0,428.43,0.0,False,Delhi-Hong Kong,3131.95,380.48,0.0,0.0,,136.11,149.41,52.36,32.81,40.14,51.34,33.9,,,,,,WH004_Chennai,Chennai,4004,292,41.96,2025-10-05,VEH0045,Express_Bike,39.87,30.81,Pune,In_Transit,1.32823897558327,0.088,496.06999999999994,275.61159999999995
ORD000059,2025-10-05,Individual,Standard,Fashion,1266.83,Delhi,Chennai,,GlobalTransit,3.0,7.0,Severely-Delayed,Perfect,1.0,749.94,96.0,True,Delhi-Chennai,1267.93,152.09,1014.35,32.0,Heavy_Rain,285.91,212.0,86.46,52.6,62.71,80.46,49.32,,,,,,WH004_Chennai,Chennai,4004,292,41.96,2025-10-05,VEH0045,Express_Bike,39.87,30.81,Pune,In_Transit,1.32823897558327,0.088,829.4600000000002,111.57784
ORD000060,2025-09-14,SMB,Economy,Books,1050.42,Pune,Singapore,,ReliableExpress,5.0,5.0,On-Time,Perfect,5.0,515.07,0.0,False,Pune-Singapore,4532.75,545.69,0.0,0.0,,161.38,161.34,54.81,40.65,43.61,55.64,45.16,2025-09-20,5.0,Package arrived damaged,Yes,,WH001_Mumbai,Mumbai,4953,488,20.54,2025-10-10,VEH0032,Small_Van,717.2,10.89,Delhi,Maintenance,2.218789634106216,0.248,562.59,1124.122
ORD000061,2025-09-17,SMB,Standard,Home Goods,207.75,Mumbai,Singapore,Fragile,ReliableExpress,4.0,4.0,On-Time,Perfect,5.0,558.44,0.0,False,Mumbai-Singapore,2762.69,335.28,0.0,0.0,,216.28,167.53,76.23,45.21,33.13,45.25,35.87,,,,,,WH005_Kolkata,Kolkata,2721,843,25.89,2025-10-01,VEH0032,Small_Van,717.2,10.89,Delhi,Maintenance,2.218789634106216,0.248,619.5,685.14712
ORD000062,2025-10-06,SMB,Economy,Food & Beverage,802.77,Mumbai,Bangalore,,QuickShip,5.0,5.0,On-Time,Perfect,4.0,608.58,0.0,False,Mumbai-Bangalore,573.35,65.1,458.68,67.0,Light_Rain,209.54,189.7,86.72,36.4,34.25,72.14,33.72,2025-10-14,4.0,Late delivery but good quality,Yes,Quality,WH001_Mumbai,Mumbai,4690,823,10.29,2025-10-04,VEH0010,Refrigerated,2319.65,7.9,Bangalore,Available,2.816258180055057,0.342,662.47,196.08570000000003
ORD000063,2025-10-20,Individual,Economy,Food & Beverage,1075.03,Kolkata,Singapore,,ReliableExpress,7.0,9.0,Slightly-Delayed,Perfect,3.0,905.22,48.0,True,Kolkata-Singapore,2894.16,343.35,0.0,0.0,Light_Rain,314.88,279.31,115.03,49.15,47.84,76.24,71.77,2025-10-30,3.0,"Great service, very fast delivery!",Yes,Service,WH001_Mumbai,Mumbai,4690,823,10.29,2025-10-04,VEH0010,Refrigerated,2319.65,7.9,Bangalore,Available,2.816258180055057,0.342,954.22,989.80272
ORD000064,2025-10-10,Individual,Standard,Home Goods,58.17,Mumbai,Bangkok,,GlobalTransit,4.0,5.0,Slightly-Delayed,Perfect,3.0,589.48,24.0,True,Mumbai-Bangkok,3932.45,467.38,0.0,0.0,,208.93,161.15,77.75,53.64,30.7,58.9,49.79,,,,,,WH005_Kolkata,Kolkata,2721,843,25.89,2025-10-01,VEH0032,Small_Van,717.2,10.89,Delhi,Maintenance,2.218789634106216,0.248,640.86,975.2475999999999
ORD000065,2025-09-04,Individual,Economy,Fashion,267.45,Hyderabad,Mumbai,,QuickShip,7.0,7.0,On-Time,Perfect,5.0,650.86,0.0,False,Hyderabad-Mumbai,1726.56,207.19,1381.25,40.0,,211.68,182.75,85.06,61.76,58.9,67.25,56.31,,,,,,WH004_Chennai,Chennai,4004,292,41.96,2025-10-05,VEH0045,Express_Bike,39.87,30.81,Pune,In_Transit,1.32823897558327,0.088,723.71,151.93728
ORD000066,2025-09-02,Individual,Economy,Healthcare,1004.43,Delhi,Pune,Fragile,QuickShip,7.0,12.0,Severely-Delayed,Perfect,3.0,755.55,120.0,True,Delhi-Pune,288.66,35.98,230.93,98.0,,254.23,237.32,93.17,44.95,64.29,77.26,51.33,2025-09-18,3.0,Late delivery but good quality,Yes,Quality,WH004_Chennai,Chennai,3916,398,25.31,2025-10-02,VEH0010,Refrigerated,2319.65,7.9,Bangalore,Available,2.816258180055057,0.342,822.55,98.72172000000002
ORD000067,2025-09-06,SMB,Express,Electronics,5239.28,Pune,Singapore,,ReliableExpress,1.0,1.0,On-Time,Perfect,5.0,196.3,0.0,False,Pune-Singapore,2157.07,261.52,0.0,0.0,,76.78,49.49,22.73,10.37,17.34,21.22,13.07,2025-09-07,5.0,"Delayed by 3 days, not acceptable",Yes,,WH004_Chennai,Chennai,3993,867,36.38,2025-09-27,VEH0045,Express_Bike,39.87,30.81,Pune,In_Transit,1.32823897558327,0.088,211.0,189.82216
ORD000068,2025-10-12,Enterprise,Economy,Books,1390.4,Kolkata,Bangalore,,ReliableExpress,7.0,7.0,On-Time,Perfect,4.0,511.73,0.0,False,Kolkata-Bangalore,1497.71,183.23,1198.16,15.0,,188.09,148.19,70.52,37.21,36.14,60.07,32.01,,,,,,WH001_Mumbai,Mumbai,4953,488,20.54,2025-10-10,VEH0032,Small_Van,717.2,10.89,Delhi,Maintenance,2.218789634106216,0.248,572.2299999999999,371.43208
ORD000069,2025-09-04,Enterprise,Standard,Electronics,5759.28,Chennai,Singapore,,ReliableExpress,3.0,4.0,Slightly-Delayed,Perfect,3.0,368.74,24.0,True,Chennai-Singapore,4609.29,555.42,0.0,0.0,,115.06,113.74,54.75,25.4,19.58,34.5,27.76,,,,,,WH004_Chennai,Chennai,3993,867,36.38,2025-09-27,VEH0032,Small_Van,717.2,10.89,Delhi,Maintenance,2.218789634106216,0.248,390.78999999999996,1143.10392
ORD000070,2025-09-29,Individual,Economy,Home Goods,221.95,Pune,Mumbai,,SpeedyLogistics,10.0,15.0,Severely-Delayed,Perfect,1.0,1105.15,120.0,True,Pune-Mumbai,1453.61,176.97,1162.89,108.0,,349.44,349.02,165.65,80.22,74.86,106.13,61.62,,,,,,WH005_Kolkata,Kolkata,2721,843,25.89,2025-10-01,VEH0032,Small_Van,717.2,10.89,Delhi,Maintenance,2.218789634106216,0.248,1186.94,360.49528
ORD000071,2025-09-18,SMB,Standard,Healthcare,587.15,Delhi,Bangkok,,ReliableExpress,5.0,5.0,On-Time,Perfect,5.0,646.39,0.0,False,Delhi-Bangkok,2409.8,290.69,0.0,0.0,Light_Rain,251.01,188.41,77.16,53.64,46.61,68.47,34.31,,,,,,WH004_Chennai,Chennai,3916,398,25.31,2025-10-02,VEH0010,Refrigerated,2319.65,7.9,Bangalore,Available,2.816258180055057,0.342,719.6099999999999,824.1516000000001
ORD000072,2025-09-26,Enterprise,Economy,Books,1351.0,Pune,Bangkok,,ReliableExpress,5.0,9.0,Severely-Delayed,Perfect,1.0,762.0,96.0,True,Pune-Bangkok,2946.88,355.07,0.0,0.0,,290.61,262.17,100.92,74.47,43.87,75.51,61.03,,,,,,WH001_Mumbai,Mumbai,4953,488,20.54,2025-10-10,VEH0032,Small_Van,717.2,10.89,Delhi,Maintenance,2.218789634106216,0.248,908.5799999999999,730.82624
ORD000073,2025-10-14,Enterprise,Standard,Home Goods,12.31,Mumbai,Dubai,Fragile,ReliableExpress,3.0,8.0,Severely-Delayed,Perfect,2.0,831.61,120.0,True,Mumbai-Dubai,4139.62,493.75,0.0,0.0,Heavy_Rain,297.86,241.29,97.22,46.85,57.87,71.94,72.12,2025-10-25,2.0,Excellent packaging,Yes,,WH005_Kolkata,Kolkata,2721,843,25.89,2025-10-01,VEH0032,Small_Van,717.2,10.89,Delhi,Maintenance,2.218789634106216,0.248,885.15,1026.62576
ORD000074,2025-10-04,SMB,Express,Fashion,3890.16,Bangalore,Bangkok,Temperature_Controlled,ReliableExpress,2.0,2.0,On-Time,Perfect,5.0,596.51,0.0,False,Bangalore-Bangkok,2862.23,342.15,0.0,0.0,,191.41,152.62,76.13,47.58,55.83,61.49,40.13,,,,,,WH004_Chennai,Chennai,4004,292,41.96,2025-10-05,VEH0045,Express_Bike,39.87,30.81,Pune,In_Transit,1.32823897558327,0.088,625.1899999999999,251.87624
ORD000075,2025-09-10,Enterprise,Economy,Food & Beverage,24.75,Delhi,Dubai,,ReliableExpress,10.0,15.0,Severely-Delayed,Perfect,3.0,1178.01,120.0,True,Delhi-Dubai,2334.54,280.3,0.0,0.0,,448.0,358.15,122.47,92.23,112.38,112.92,76.35,,,,,,WH001_Mumbai,Mumbai,4690,823,10.29,2025-10-04,VEH0010,Refrigerated,2319.65,7.9,Bangalore,Available,2.816258180055057,0.342,1322.5,798.41268
ORD000076,2025-10-06,Enterprise,Express,Electronics,1799.76,Bangalore,Hyderabad,,QuickShip,2.0,2.0,On-Time,Perfect,5.0,477.95,0.0,False,Bangalore-Hyderabad,1520.32,177.58,1216.25,36.0,Heavy_Rain,150.24,126.73,58.14,38.13,25.82,56.2,41.94,2025-10-10,5.0,Package arrived damaged,Yes,,WH004_Chennai,Chennai,3993,867,36.38,2025-09-27,VEH0045,Express_Bike,39.87,30.81,Pune,In_Transit,1.32823897558327,0.088,497.2,133.78815999999998
ORD000077,2025-09-14,SMB,Standard,Industrial,1130.31,Mumbai,Hong Kong,,QuickShip,3.0,3.0,On-Time,Perfect,5.0,463.0,0.0,False,Mumbai-Hong Kong,4514.8,543.87,0.0,0.0,Heavy_Rain,166.06,154.11,48.16,34.19,37.74,52.39,41.29,2025-09-20,5.0,Package arrived damaged,Yes,,WH003_Bangalore,Bangalore,3745,728,43.58,2025-09-24,VEH0045,Express_Bike,39.87,30.81,Pune,In_Transit,1.32823897558327,0.088,533.94,397.3024
ORD000078,2025-10-01,SMB,Economy,Industrial,12.07,Hyderabad,Chennai,,SpeedyLogistics,7.0,7.0,On-Time,Perfect,5.0,629.54,0.0,False,Hyderabad-Chennai,153.42,20.77,122.73,101.0,,206.3,216.62,66.87,59.02,62.04,54.82,54.21,2025-10-12,5.0,"Perfect condition, thank you",No,Quality,WH003_Bangalore,Bangalore,3745,728,43.58,2025-09-24,VEH0045,Express_Bike,39.87,30.81,Pune,In_Transit,1.32823897558327,0.088,719.8800000000001,13.500959999999997
ORD000079,2025-10-18,SMB,Economy,Healthcare,13.02,Hyderabad,Bangkok,,GlobalTransit,7.0,8.0,Slightly-Delayed,Wrong_Item,2.0,533.76,24.0,True,Hyderabad-Bangkok,3785.4,449.35,0.0,0.0,,162.28,155.08,67.15,42.18,51.67,57.05,39.53,,,,,,WH004_Chennai,Chennai,3916,398,25.31,2025-10-02,VEH0010,Refrigerated,2319.65,7.9,Bangalore,Available,2.816258180055057,0.342,574.9399999999999,1294.6068
ORD000080,2025-09-15,Enterprise,Standard,Fashion,3458.96,Pune,Hyderabad,,QuickShip,3.0,3.0,On-Time,Perfect,5.0,409.75,0.0,False,Pune-Hyderabad,1737.95,208.74,1390.36,101.0,Light_Rain,156.1,141.39,41.43,40.62,22.25,46.13,26.23,2025-09-20,5.0,Late delivery but good quality,Yes,,WH004_Chennai,Chennai,4004,292,41.96,2025-10-05,VEH0045,Express_Bike,39.87,30.81,Pune,In_Transit,1.32823897558327,0.088,474.15000000000003,152.93959999999998
ORD000081,2025-09-08,Individual,Standard,Electronics,2495.1,Mumbai,Ahmedabad,,ReliableExpress,5.0,7.0,Slightly-Delayed,Perfect,3.0,814.05,48.0,True,Mumbai-Ahmedabad,873.36,102.48,698.69,80.0,,254.98,239.32,107.62,56.21,42.92,84.64,77.43,,,,,,WH004_Chennai,Chennai,3993,867,36.38,2025-09-27,VEH0032,Small_Van,717.2,10.89,Delhi,Maintenance,2.218789634106216,0.248,863.1199999999999,216.59328
ORD000082,2025-09-14,Enterprise,Standard,Fashion,107.63,Chennai,Hyderabad,,SpeedyLogistics,5.0,6.0,Slightly-Delayed,Perfect,3.0,723.21,24.0,True,Chennai-Hyderabad,1759.22,207.36,1407.38,52.0,,244.68,196.45,88.32,37.91,65.83,81.76,57.42,2025-09-23,3.0,"Perfect condition, thank you",Yes,Quality,WH004_Chennai,Chennai,4004,292,41.96,2025-10-05,VEH0045,Express_Bike,39.87,30.81,Pune,In_Transit,1.32823897558327,0.088,772.37,154.81135999999998
ORD000083,2025-09-23,SMB,Standard,Electronics,107.47,Bangalore,Bangkok,,SpeedyLogistics,5.0,10.0,Severely-Delayed,Perfect,2.0,686.42,120.0,True,Bangalore-Bangkok,3147.74,376.41,0.0,0.0,,230.16,226.5,87.68,62.67,55.99,76.45,54.86,2025-10-04,2.0,Excellent packaging,Yes,Timing,WH004_Chennai,Chennai,3993,867,36.38,2025-09-27,VEH0032,Small_Van,717.2,10.89,Delhi,Maintenance,2.218789634106216,0.248,794.31,780.63952
ORD000084,2025-10-10,Individual,Standard,Healthcare,870.36,Delhi,Hong Kong,,ReliableExpress,4.0,4.0,On-Time,Perfect,5.0,486.64,0.0,False,Delhi-Hong Kong,3306.52,395.1,0.0,0.0,,166.15,168.28,61.83,39.06,29.7,51.11,38.24,2025-10-15,5.0,Late delivery but good quality,Yes,,WH004_Chennai,Chennai,3916,398,25.31,2025-10-02,VEH0010,Refrigerated,2319.65,7.9,Bangalore,Available,2.816258180055057,0.342,554.37,1130.82984
ORD000085,2025-09-21,SMB,Standard,Healthcare,395.79,Delhi,Dubai,,SpeedyLogistics,4.0,7.0,Severely-Delayed,Perfect,1.0,776.69,72.0,True,Delhi-Dubai,4217.08,503.28,0.0,0.0,,247.36,198.8,101.14,68.49,59.16,69.18,64.72,2025-10-01,1.0,Excellent packaging,Yes,,WH004_Chennai,Chennai,3916,398,25.31,2025-10-02,VEH0010,Refrigerated,2319.65,7.9,Bangalore,Available,2.816258180055057,0.342,808.8500000000001,1442.24136
ORD000086,2025-09-16,Individual,Economy,Industrial,1961.75,Delhi,Chennai,,SpeedyLogistics,7.0,10.0,Severely-Delayed,Perfect,1.0,626.95,72.0,True,Delhi-Chennai,1070.1,129.09,856.08,116.0,,193.11,184.44,67.82,37.13,37.69,59.85,32.95,2025-09-26,1.0,Excellent packaging,Yes,,WH003_Bangalore,Bangalore,3745,728,43.58,2025-09-24,VEH0045,Express_Bike,39.87,30.81,Pune,In_Transit,1.32823897558327,0.088,612.9900000000001,94.16879999999999
ORD000087,2025-10-15,SMB,Economy,Fashion,828.3,Chennai,Ahmedabad,,SpeedyLogistics,10.0,10.0,On-Time,Perfect,4.0,754.96,0.0,False,Chennai-Ahmedabad,1756.13,214.21,1404.9,72.0,,256.52,227.37,93.74,52.2,69.42,64.79,56.84,2025-10-29,4.0,"No complaints, smooth process",Yes,Timing,WH004_Chennai,Chennai,4004,292,41.96,2025-10-05,VEH0045,Express_Bike,39.87,30.81,Pune,In_Transit,1.32823897558327,0.088,820.88,154.53944
ORD000088,2025-09-18,SMB,Economy,Books,4335.3,Bangalore,Hong Kong,Fragile,SpeedyLogistics,5.0,5.0,On-Time,Perfect,4.0,690.74,0.0,False,Bangalore-Hong Kong,4489.29,539.78,0.0,0.0,,211.51,177.6,88.89,54.09,64.86,70.67,67.69,,,,,,WH001_Mumbai,Mumbai,4953,488,20.54,2025-10-10,VEH0032,Small_Van,717.2,10.89,Delhi,Maintenance,2.218789634106216,0.248,735.31,1113.34392
ORD000089,2025-10-17,Enterprise,Express,Industrial,1728.69,Bangalore,Hong Kong,,SpeedyLogistics,1.0,2.0,Slightly-Delayed,Perfect,3.0,361.56,24.0,True,Bangalore-Hong Kong,2621.28,311.08,0.0,0.0,Heavy_Rain,110.23,93.93,36.95,21.43,27.86,38.26,18.9,,,,,,WH003_Bangalore,Bangalore,3745,728,43.58,2025-09-24,VEH0045,Express_Bike,39.87,30.81,Pune,In_Transit,1.32823897558327,0.088,347.56,230.67264
ORD000090,2025-09-24,SMB,Standard,Fashion,1189.35,Mumbai,Bangkok,Hazmat,GlobalTransit,4.0,5.0,Slightly-Delayed,Perfect,3.0,381.05,24.0,True,Mumbai-Bangkok,4130.41,500.02,0.0,0.0,,150.36,127.35,43.76,20.52,22.29,32.42,21.4,2025-10-03,3.0,"Great service, very fast delivery!",No,Service,WH004_Chennai,Chennai,4004,292,41.96,2025-10-05,VEH0045,Express_Bike,39.87,30.81,Pune,In_Transit,1.32823897558327,0.088,418.1,363.47607999999997
ORD000091,2025-09-26,Enterprise,Express,Industrial,237.89,Mumbai,Hyderabad,,GlobalTransit,1.0,5.0,Severely-Delayed,Perfect,1.0,567.01,96.0,True,Mumbai-Hyderabad,904.78,104.17,723.83,43.0,,199.51,155.69,66.85,56.4,47.75,66.88,32.39,2025-10-05,1.0,Package arrived damaged,Yes,Timing,WH003_Bangalore,Bangalore,3745,728,43.58,2025-09-24,VEH0045,Express_Bike,39.87,30.81,Pune,In_Transit,1.32823897558327,0.088,625.4699999999999,79.62064
ORD000092,2025-09-25,Enterprise,Standard,Books,213.15,Mumbai,Ahmedabad,Fragile,EcoDeliver,5.0,5.0,On-Time,Major_Damage,4.0,694.7,0.0,False,Mumbai-Ahmedabad,1728.24,211.82,1382.59,4.0,,234.96,212.21,72.14,34.88,58.02,73.41,49.0,2025-10-02,4.0,Excellent packaging,Yes,Quality,WH001_Mumbai,Mumbai,4953,488,20.54,2025-10-10,VEH0032,Small_Van,717.2,10.89,Delhi,Maintenance,2.218789634106216,0.248,734.62,428.60352
ORD000093,2025-10-15,Individual,Standard,Food & Beverage,373.29,Ahmedabad,Delhi,,QuickShip,4.0,8.0,Severely-Delayed,Perfect,1.0,736.11,96.0,True,Ahmedabad-Delhi,1206.63,146.24,965.3,31.0,,256.88,214.61,74.49,49.15,43.32,61.79,72.02,2025-10-26,1.0,"No complaints, smooth process",Yes,Service,WH001_Mumbai,Mumbai,4690,823,10.29,2025-10-04,VEH0010,Refrigerated,2319.65,7.9,Bangalore,Available,2.816258180055057,0.342,772.26,412.66746000000006
ORD000094,2025-10-11,SMB,Economy,Food & Beverage,6383.13,Mumbai,Kolkata,Fragile,ReliableExpress,10.0,11.0,Slightly-Delayed,Perfect,3.0,740.51,24.0,True,Mumbai-Kolkata,721.66,83.85,577.33,107.0,,266.54,239.09,85.73,51.58,45.8,62.11,43.65,,,,,,WH001_Mumbai,Mumbai,4690,823,10.29,2025-10-04,VEH0010,Refrigerated,2319.65,7.9,Bangalore,Available,2.816258180055057,0.342,794.5,246.80772000000002
ORD000095,2025-09-29,Individual,Standard,Food & Beverage,219.33,Mumbai,Bangalore,Fragile,SpeedyLogistics,3.0,3.0,On-Time,Perfect,5.0,403.7,0.0,False,Mumbai-Bangalore,1623.33,198.27,1298.66,44.0,,153.31,128.28,51.41,29.77,38.8,33.47,25.85,,,,,,WH001_Mumbai,Mumbai,4690,823,10.29,2025-10-04,VEH0010,Refrigerated,2319.65,7.9,Bangalore,Available,2.816258180055057,0.342,460.89,555.17886
ORD000096,2025-09-15,SMB,Express,Food & Beverage,596.33,Delhi,Ahmedabad,,SpeedyLogistics,2.0,2.0,On-Time,Perfect,5.0,380.05,0.0,False,Delhi-Ahmedabad,1768.81,212.53,1415.05,67.0,,127.31,124.75,56.87,23.58,35.62,43.03,23.27,2025-09-21,5.0,"No complaints, smooth process",Yes,Service,WH001_Mumbai,Mumbai,4690,823,10.29,2025-10-04,VEH0045,Express_Bike,39.87,30.81,Pune,In_Transit,1.32823897558327,0.088,434.42999999999995,155.65527999999998
ORD000097,2025-10-15,Individual,Express,Home Goods,13.91,Kolkata,Delhi,,ReliableExpress,1.0,2.0,Slightly-Delayed,Perfect,3.0,431.71,24.0,True,Kolkata-Delhi,1246.02,147.12,996.82,48.0,Heavy_Rain,146.75,125.61,64.29,25.49,38.84,40.31,37.36,2025-10-20,3.0,Excellent packaging,No,Quality,WH005_Kolkata,Kolkata,2721,843,25.89,2025-10-01,VEH0045,Express_Bike,39.87,30.81,Pune,In_Transit,1.32823897558327,0.088,478.65000000000003,109.64975999999999
ORD000098,2025-09-01,SMB,Economy,Electronics,1111.77,Ahmedabad,Bangkok,,SpeedyLogistics,5.0,9.0,Severely-Delayed,Perfect,3.0,853.74,96.0,True,Ahmedabad-Bangkok,3012.02,363.69,0.0,0.0,,291.98,262.81,120.92,77.01,79.67,70.34,72.23,2025-09-13,3.0,Driver was very professional,Yes,,WH004_Chennai,Chennai,3993,867,36.38,2025-09-27,VEH0032,Small_Van,717.2,10.89,Delhi,Maintenance,2.218789634106216,0.248,974.9599999999999,746.98096
ORD000099,2025-09-25,SMB,Standard,Home Goods,11917.91,Kolkata,Mumbai,,QuickShip,4.0,5.0,Slightly-Delayed,Perfect,4.0,389.55,24.0,True,Kolkata-Mumbai,203.07,26.27,162.46,25.0,,122.32,113.59,49.64,27.32,29.6,46.69,22.11,2025-10-01,4.0,Wrong item delivered,Yes,Timing,WH005_Kolkata,Kolkata,2721,843,25.89,2025-10-01,VEH0032,Small_Van,717.2,10.89,Delhi,Maintenance,2.218789634106216,0.248,411.27000000000004,50.36136
ORD000100,2025-09-07,SMB,Express,Home Goods,99.44,Chennai,Dubai,,QuickShip,2.0,2.0,On-Time,Perfect,5.0,555.86,0.0,False,Chennai-Dubai,2023.52,244.13,0.0,0.0,,204.3,160.98,59.28,32.2,54.18,64.03,53.0,2025-09-09,5.0,Wrong item delivered,Yes,Quality,WH005_Kolkata,Kolkata,2721,843,25.89,2025-10-01,VEH0045,Express_Bike,39.87,30.81,Pune,In_Transit,1.32823897558327,0.088,627.9699999999999,178.06976
ORD000101,2025-09-09,Enterprise,Express,Home Goods,47177.07,Bangalore,Mumbai,,QuickShip,2.0,2.0,On-Time,Perfect,5.0,204.92,0.0,False,Bangalore-Mumbai,328.27,43.97,262.61,26.0,Light_Rain,81.79,55.5,24.13,17.1,15.2,19.82,13.91,2025-09-13,5.0,"Great service, very fast delivery!",Yes,Timing,WH005_Kolkata,Kolkata,2721,843,25.89,2025-10-01,VEH0045,Express_Bike,39.87,30.81,Pune,In_Transit,1.32823897558327,0.088,227.45,28.887759999999997
ORD000102,2025-09-24,Individual,Economy,Food & Beverage,530.26,Mumbai,Singapore,,SpeedyLogistics,5.0,7.0,Slightly-Delayed,Perfect,4.0,598.02,48.0,True,Mumbai-Singapore,3062.8,372.03,0.0,0.0,Fog,214.92,183.93,64.63,44.01,46.45,61.48,36.18,2025-10-04,4.0,"No complaints, smooth process",Yes,,WH001_Mumbai,Mumbai,4690,823,10.29,2025-10-04,VEH0010,Refrigerated,2319.65,7.9,Bangalore,Available,2.816258180055057,0.342,651.6,1047.4776000000002
ORD000103,2025-09-01,Enterprise,Express,Books,8.5,Pune,Delhi,,GlobalTransit,1.0,2.0,Slightly-Delayed,Perfect,3.0,210.97,24.0,True,Pune-Delhi,1155.54,142.95,924.44,61.0,,78.95,53.27,24.84,18.78,16.5,19.08,17.88,2025-09-06,3.0,Excellent packaging,Yes,Quality,WH001_Mumbai,Mumbai,4953,488,20.54,2025-10-10,VEH0045,Express_Bike,39.87,30.81,Pune,In_Transit,1.32823897558327,0.088,229.3,101.68751999999999
ORD000104,2025-10-14,Enterprise,Economy,Healthcare,226.26,Kolkata,Singapore,Fragile,QuickShip,5.0,5.0,On-Time,Perfect,5.0,507.19,0.0,False,Kolkata-Singapore,3639.73,436.1,0.0,0.0,,180.93,167.18,69.36,40.83,37.74,43.28,31.99,,,,,,WH004_Chennai,Chennai,3916,398,25.31,2025-10-02,VEH0010,Refrigerated,2319.65,7.9,Bangalore,Available,2.816258180055057,0.342,571.3100000000001,1244.7876600000002
ORD000105,2025-09-08,SMB,Economy,Healthcare,2968.04,Chennai,Bangalore,,SpeedyLogistics,10.0,10.0,On-Time,Perfect,5.0,810.33,0.0,False,Chennai-Bangalore,381.77,45.27,305.42,43.0,Heavy_Rain,277.06,251.15,101.85,52.19,40.78,80.91,52.09,,,,,,WH004_Chennai,Chennai,3916,398,25.31,2025-10-02,VEH0010,Refrigerated,2319.65,7.9,Bangalore,Available,2.816258180055057,0.342,856.03,130.56534
ORD000106,2025-09-24,Enterprise,Express,Electronics,8094.79,Kolkata,Pune,Hazmat,ReliableExpress,1.0,4.0,Severely-Delayed,Perfect,1.0,504.67,72.0,True,Kolkata-Pune,1246.39,145.94,997.11,74.0,Light_Rain,188.47,127.38,65.22,48.99,29.63,49.89,27.54,2025-10-01,1.0,"Great service, very fast delivery!",Yes,,WH004_Chennai,Chennai,3993,867,36.38,2025-09-27,VEH0045,Express_Bike,39.87,30.81,Pune,In_Transit,1.32823897558327,0.088,537.12,109.68232
ORD000107,2025-09-11,Individual,Express,Food & Beverage,1184.59,Kolkata,Bangalore,,ReliableExpress,1.0,1.0,On-Time,Perfect,5.0,216.25,0.0,False,Kolkata-Bangalore,1551.43,183.59,1241.15,69.0,,78.41,65.97,26.03,16.45,20.51,19.0,11.06,2025-09-12,5.0,Late delivery but good quality,Yes,Service,WH001_Mumbai,Mumbai,4690,823,10.29,2025-10-04,VEH0045,Express_Bike,39.87,30.81,Pune,In_Transit,1.32823897558327,0.088,237.42999999999998,136.52584
ORD000108,2025-09-17,Individual,Economy,Food & Beverage,4236.07,Chennai,Ahmedabad,,EcoDeliver,10.0,10.0,On-Time,Perfect,4.0,858.3,0.0,False,Chennai-Ahmedabad,1182.12,141.84,945.69,55.0,Light_Rain,331.45,264.11,124.05,68.53,77.68,83.42,75.1,2025-09-29,4.0,Poor customer service response,No,Timing,WH001_Mumbai,Mumbai,4690,823,10.29,2025-10-04,VEH0010,Refrigerated,2319.65,7.9,Bangalore,Available,2.816258180055057,0.342,1024.34,404.28504
ORD000109,2025-09-08,Individual,Standard,Food & Beverage,68.95,Ahmedabad,Hong Kong,,SpeedyLogistics,3.0,3.0,On-Time,Perfect,5.0,267.91,0.0,False,Ahmedabad-Hong Kong,4943.43,593.91,0.0,0.0,,104.83,82.31,29.21,17.0,16.06,24.08,17.5,2025-09-14,5.0,"No complaints, smooth process",Yes,Timing,WH001_Mumbai,Mumbai,4690,823,10.29,2025-10-04,VEH0010,Refrigerated,2319.65,7.9,Bangalore,Available,2.816258180055057,0.342,290.99,1690.6530600000003
ORD000110,2025-10-05,SMB,Standard,Industrial,145.42,Pune,Dubai,,ReliableExpress,5.0,10.0,Severely-Delayed,Perfect,2.0,904.76,120.0,True,Pune-Dubai,3310.99,398.25,0.0,0.0,,321.65,279.39,109.77,73.08,48.93,75.56,53.01,,,,,,WH003_Bangalore,Bangalore,3745,728,43.58,2025-09-24,VEH0045,Express_Bike,39.87,30.81,Pune,In_Transit,1.32823897558327,0.088,961.3899999999999,291.36711999999994
ORD000111,2025-10-05,Enterprise,Economy,Fashion,32.49,Chennai,Delhi,Fragile,QuickShip,10.0,10.0,On-Time,Perfect,5.0,978.66,0.0,False,Chennai-Delhi,1157.98,143.77,926.39,3.0,Light_Rain,344.3,265.61,111.73,68.52,88.66,78.84,80.71,2025-10-19,5.0,Package arrived damaged,Yes,Quality,WH004_Chennai,Chennai,4004,292,41.96,2025-10-05,VEH0045,Express_Bike,39.87,30.81,Pune,In_Transit,1.32823897558327,0.088,1038.3700000000001,101.90223999999999
ORD000112,2025-10-03,Individual,Economy,Industrial,162.78,Chennai,Hyderabad,,GlobalTransit,10.0,10.0,On-Time,Perfect,4.0,735.91,0.0,False,Chennai-Hyderabad,1344.61,159.9,1075.69,16.0,Fog,270.0,242.75,107.91,37.54,42.45,84.96,53.67,2025-10-17,4.0,Driver was very professional,Yes,Timing,WH003_Bangalore,Bangalore,3745,728,43.58,2025-09-24,VEH0045,Express_Bike,39.87,30.81,Pune,In_Transit,1.32823897558327,0.088,839.28,118.32567999999999
ORD000113,2025-09-05,SMB,Economy,Fashion,1265.06,Mumbai,Pune,Fragile,SpeedyLogistics,10.0,15.0,Severely-Delayed,Perfect,1.0,1056.9,120.0,True,Mumbai-Pune,986.48,123.15,789.19,118.0,,376.74,334.3,141.58,102.08,105.53,115.0,68.02,2025-09-20,1.0,"Perfect condition, thank you",Yes,Timing,WH004_Chennai,Chennai,4004,292,41.96,2025-10-05,VEH0045,Express_Bike,39.87,30.81,Pune,In_Transit,1.32823897558327,0.088,1243.25,86.81024
ORD000114,2025-10-12,Individual,Economy,Food & Beverage,555.01,Chennai,Kolkata,,ReliableExpress,7.0,7.0,On-Time,Perfect,5.0,601.56,0.0,False,Chennai-Kolkata,1552.18,188.99,1241.74,99.0,,233.39,153.35,67.11,57.07,37.78,53.43,34.23,2025-10-22,5.0,"Great service, very fast delivery!",No,Service,WH001_Mumbai,Mumbai,4690,823,10.29,2025-10-04,VEH0010,Refrigerated,2319.65,7.9,Bangalore,Available,2.816258180055057,0.342,636.36,530.8455600000001
ORD000115,2025-10-09,Individual,Standard,Food & Beverage,1482.93,Mumbai,Kolkata,,SpeedyLogistics,3.0,3.0,On-Time,Perfect,5.0,252.68,0.0,False,Mumbai-Kolkata,1189.05,144.35,951.24,58.0,Fog,97.51,75.81,33.79,15.65,22.21,27.9,16.58,,,,,,WH001_Mumbai,Mumbai,4690,823,10.29,2025-10-04,VEH0010,Refrigerated,2319.65,7.9,Bangalore,Available,2.816258180055057,0.342,289.45,406.6551
ORD000116,2025-10-11,Individual,Express,Industrial,99.01,Bangalore,Kolkata,,GlobalTransit,2.0,2.0,On-Time,Minor_Damage,4.0,354.35,0.0,False,Bangalore-Kolkata,1398.08,171.32,1118.47,43.0,,120.86,96.02,52.74,29.16,34.28,32.65,31.57,,,,,,WH003_Bangalore,Bangalore,3745,728,43.58,2025-09-24,VEH0045,Express_Bike,39.87,30.81,Pune,In_Transit,1.32823897558327,0.088,397.28000000000003,123.03103999999999
ORD000117,2025-09-28,Enterprise,Economy,Industrial,108.5,Ahmedabad,Delhi,,SpeedyLogistics,5.0,5.0,On-Time,Perfect,4.0,666.69,0.0,False,Ahmedabad-Delhi,115.37,12.41,92.29,27.0,,251.07,212.78,98.86,46.45,37.69,71.25,57.65,,,,,,WH003_Bangalore,Bangalore,3745,728,43.58,2025-09-24,VEH0045,Express_Bike,39.87,30.81,Pune,In_Transit,1.32823897558327,0.088,775.7500000000001,10.15256
ORD000118,2025-09-07,SMB,Standard,Fashion,548.35,Bangalore,Kolkata,,ReliableExpress,4.0,4.0,On-Time,Perfect,5.0,538.4,0.0,False,Bangalore-Kolkata,1178.42,138.63,942.73,103.0,Light_Rain,192.48,145.74,67.42,35.32,38.43,56.97,46.98,2025-09-14,5.0,"Great service, very fast delivery!",No,Service,WH004_Chennai,Chennai,4004,292,41.96,2025-10-05,VEH0045,Express_Bike,39.87,30.81,Pune,In_Transit,1.32823897558327,0.088,583.34,103.70096
ORD000119,2025-09-09,Individual,Standard,Healthcare,163.37,Bangalore,Bangkok,,ReliableExpress,3.0,7.0,Severely-Delayed,Perfect,1.0,490.5,96.0,True,Bangalore-Bangkok,4186.58,498.34,0.0,0.0,,158.54,142.51,55.65,29.4,43.74,57.08,33.6,2025-09-18,1.0,"Great service, very fast delivery!",Yes,,WH004_Chennai,Chennai,3916,398,25.31,2025-10-02,VEH0010,Refrigerated,2319.65,7.9,Bangalore,Available,2.816258180055057,0.342,520.5199999999999,1431.8103600000002
ORD000120,2025-09-08,SMB,Economy,Fashion,2843.45,Delhi,Mumbai,,ReliableExpress,5.0,5.0,On-Time,Perfect,5.0,688.86,0.0,False,Delhi-Mumbai,149.59,17.76,119.67,12.0,,258.41,234.01,98.03,40.74,67.38,65.49,46.13,2025-09-15,5.0,"Great service, very fast delivery!",Yes,Timing,WH004_Chennai,Chennai,4004,292,41.96,2025-10-05,VEH0045,Express_Bike,39.87,30.81,Pune,In_Transit,1.32823897558327,0.088,810.19,13.16392
ORD000121,2025-09-12,Enterprise,Express,Industrial,157.41,Mumbai,Pune,,GlobalTransit,1.0,1.0,On-Time,Perfect,4.0,362.43,0.0,False,Mumbai-Pune,1632.35,192.42,1305.88,118.0,Heavy_Rain,110.99,108.23,38.22,22.63,23.86,40.72,33.99,,,,,,WH003_Bangalore,Bangalore,3745,728,43.58,2025-09-24,VEH0045,Express_Bike,39.87,30.81,Pune,In_Transit,1.32823897558327,0.088,378.64,143.64679999999998
ORD000122,2025-10-04,SMB,Standard,Books,191.89,Kolkata,Mumbai,,SpeedyLogistics,3.0,3.0,On-Time,Perfect,5.0,586.69,0.0,False,Kolkata-Mumbai,1788.53,210.07,1430.83,92.0,,193.75,197.05,83.82,51.77,33.64,63.14,57.06,,,,,,WH001_Mumbai,Mumbai,4953,488,20.54,2025-10-10,VEH0032,Small_Van,717.2,10.89,Delhi,Maintenance,2.218789634106216,0.248,680.23,443.55544
ORD000123,2025-10-03,Individual,Express,Industrial,756.16,Mumbai,Hong Kong,,QuickShip,2.0,2.0,On-Time,Minor_Damage,3.0,432.09,0.0,False,Mumbai-Hong Kong,3906.33,464.67,0.0,0.0,,159.12,122.35,54.02,35.56,32.64,36.64,28.35,,,,,,WH003_Bangalore,Bangalore,3745,728,43.58,2025-09-24,VEH0045,Express_Bike,39.87,30.81,Pune,In_Transit,1.32823897558327,0.088,468.68,343.75703999999996
ORD000124,2025-10-18,SMB,Standard,Books,224.99,Mumbai,Pune,,QuickShip,5.0,5.0,On-Time,Perfect,5.0,573.88,0.0,False,Mumbai-Pune,198.09,23.22,158.48,89.0,,218.21,192.91,61.33,56.02,38.13,61.11,50.27,2025-10-27,5.0,"Delayed by 3 days, not acceptable",Yes,Quality,WH001_Mumbai,Mumbai,4953,488,20.54,2025-10-10,VEH0032,Small_Van,717.2,10.89,Delhi,Maintenance,2.218789634106216,0.248,677.98,49.12632
ORD000125,2025-09-23,SMB,Express,Electronics,63.28,Delhi,Mumbai,,SpeedyLogistics,2.0,3.0,Slightly-Delayed,Perfect,3.0,292.1,24.0,True,Delhi-Mumbai,1438.83,170.17,1151.07,83.0,,111.35,100.65,33.78,27.14,16.53,31.61,25.44,2025-09-28,3.0,Late delivery but good quality,Yes,Other,WH004_Chennai,Chennai,3993,867,36.38,2025-09-27,VEH0045,Express_Bike,39.87,30.81,Pune,In_Transit,1.32823897558327,0.088,346.50000000000006,126.61703999999999
ORD000126,2025-09-24,Enterprise,Express,Industrial,77.55,Kolkata,Pune,,ReliableExpress,1.0,2.0,Slightly-Delayed,Perfect,3.0,266.94,24.0,True,Kolkata-Pune,806.53,100.26,645.22,0.0,,98.17,73.47,38.35,15.6,14.06,29.02,19.69,,,,,,WH003_Bangalore,Bangalore,3745,728,43.58,2025-09-24,VEH0045,Express_Bike,39.87,30.81,Pune,In_Transit,1.32823897558327,0.088,288.35999999999996,70.97464
ORD000127,2025-10-07,SMB,Express,Electronics,903.84,Kolkata,Hong Kong,,EcoDeliver,2.0,2.0,On-Time,Perfect,5.0,588.81,0.0,False,Kolkata-Hong Kong,4754.72,566.58,0.0,0.0,,226.64,169.78,63.84,54.07,45.6,51.56,50.65,,,,,,WH004_Chennai,Chennai,3993,867,36.38,2025-09-27,VEH0045,Express_Bike,39.87,30.81,Pune,In_Transit,1.32823897558327,0.088,662.14,418.41536
ORD000128,2025-10-05,Individual,Standard,Healthcare,52.56,Mumbai,Singapore,,ReliableExpress,3.0,4.0,Slightly-Delayed,Perfect,3.0,391.39,24.0,True,Mumbai-Singapore,2662.56,314.9,0.0,0.0,,137.42,121.5,48.16,35.79,35.8,42.42,21.63,2025-10-09,3.0,Wrong item delivered,Yes,,WH004_Chennai,Chennai,3916,398,25.31,2025-10-02,VEH0010,Refrigerated,2319.65,7.9,Bangalore,Available,2.816258180055057,0.342,442.71999999999997,910.5955200000001
ORD000129,2025-10-14,Enterprise,Economy,Fashion,3280.49,Bangalore,Bangkok,,ReliableExpress,5.0,7.0,Slightly-Delayed,Perfect,3.0,840.98,48.0,True,Bangalore-Bangkok,2525.67,306.75,0.0,0.0,,322.84,266.68,113.41,57.31,79.02,91.68,46.78,,,,,,WH004_Chennai,Chennai,4004,292,41.96,2025-10-05,VEH0045,Express_Bike,39.87,30.81,Pune,In_Transit,1.32823897558327,0.088,977.72,222.25896
ORD000130,2025-10-10,SMB,Standard,Books,143.22,Bangalore,Delhi,,EcoDeliver,5.0,5.0,On-Time,Perfect,5.0,562.77,0.0,False,Bangalore-Delhi,1715.78,206.71,1372.62,10.0,,191.78,190.58,57.61,55.19,47.25,59.23,35.75,,,,,,WH001_Mumbai,Mumbai,4953,488,20.54,2025-10-10,VEH0032,Small_Van,717.2,10.89,Delhi,Maintenance,2.218789634106216,0.248,637.3900000000001,425.51344
ORD000131,2025-09-22,Individual,Economy,Fashion,1016.71,Chennai,Delhi,Temperature_Controlled,SpeedyLogistics,5.0,5.0,On-Time,Perfect,5.0,404.32,0.0,False,Chennai-Delhi,826.75,97.47,661.4,114.0,,131.36,139.17,46.46,35.89,28.16,34.6,20.43,,,,,,WH004_Chennai,Chennai,4004,292,41.96,2025-10-05,VEH0045,Express_Bike,39.87,30.81,Pune,In_Transit,1.32823897558327,0.088,436.07,72.75399999999999
ORD000132,2025-09-27,Individual,Standard,Electronics,156.71,Chennai,Kolkata,,QuickShip,5.0,6.0,Slightly-Delayed,Perfect,4.0,439.72,24.0,True,Chennai-Kolkata,700.19,87.96,560.15,70.0,Light_Rain,155.85,152.84,52.09,29.84,29.55,44.33,31.67,,,,,,WH004_Chennai,Chennai,3993,867,36.38,2025-09-27,VEH0032,Small_Van,717.2,10.89,Delhi,Maintenance,2.218789634106216,0.248,496.16999999999996,173.64712
ORD000133,2025-10-05,SMB,Standard,Books,102.22,Delhi,Bangkok,,EcoDeliver,5.0,5.0,On-Time,Wrong_Item,4.0,433.55,0.0,False,Delhi-Bangkok,3202.83,386.97,0.0,0.0,Light_Rain,168.21,130.3,54.36,24.68,42.98,39.02,23.27,2025-10-12,4.0,"Perfect condition, thank you",No,,WH001_Mumbai,Mumbai,4953,488,20.54,2025-10-10,VEH0032,Small_Van,717.2,10.89,Delhi,Maintenance,2.218789634106216,0.248,482.82,794.30184
ORD000134,2025-09-01,Individual,Economy,Fashion,583.56,Bangalore,Chennai,,SpeedyLogistics,5.0,6.0,Slightly-Delayed,Perfect,3.0,770.25,24.0,True,Bangalore-Chennai,1611.11,193.78,1288.89,108.0,,282.15,238.42,93.01,54.77,68.75,67.65,70.1,,,,,,WH004_Chennai,Chennai,4004,292,41.96,2025-10-05,VEH0045,Express_Bike,39.87,30.81,Pune,In_Transit,1.32823897558327,0.088,874.8499999999999,141.77767999999998
ORD000135,2025-10-05,SMB,Standard,Industrial,1954.08,Bangalore,Kolkata,,ReliableExpress,3.0,6.0,Severely-Delayed,Perfect,1.0,565.66,72.0,True,Bangalore-Kolkata,416.43,48.29,333.14,102.0,,206.4,165.11,69.52,35.54,49.56,56.86,37.36,,,,,,WH003_Bangalore,Bangalore,3745,728,43.58,2025-09-24,VEH0045,Express_Bike,39.87,30.81,Pune,In_Transit,1.32823897558327,0.088,620.35,36.64584
ORD000136,2025-10-07,Enterprise,Economy,Food & Beverage,278.37,Hyderabad,Ahmedabad,,QuickShip,5.0,10.0,Severely-Delayed,Perfect,1.0,758.17,120.0,True,Hyderabad-Ahmedabad,1181.27,140.4,945.02,14.0,Heavy_Rain,272.64,265.04,92.32,72.81,50.99,62.31,45.65,,,,,,WH001_Mumbai,Mumbai,4690,823,10.29,2025-10-04,VEH0010,Refrigerated,2319.65,7.9,Bangalore,Available,2.816258180055057,0.342,861.7599999999999,403.99434
ORD000137,2025-10-17,Individual,Express,Electronics,365.69,Bangalore,Bangkok,,QuickShip,2.0,2.0,On-Time,Perfect,5.0,325.28,0.0,False,Bangalore-Bangkok,3380.01,401.55,0.0,0.0,Light_Rain,111.2,88.46,32.53,31.15,29.99,35.68,18.99,,,,,,WH004_Chennai,Chennai,3993,867,36.38,2025-09-27,VEH0045,Express_Bike,39.87,30.81,Pune,In_Transit,1.32823897558327,0.088,348.0,297.44088
ORD000138,2025-09-14,Individual,Economy,Fashion,1354.42,Delhi,Mumbai,Temperature_Controlled,ReliableExpress,10.0,13.0,Severely-Delayed,Incomplete,3.0,808.82,72.0,True,Delhi-Mumbai,180.99,23.99,144.79,92.0,Light_Rain,252.38,207.67,110.16,78.0,57.85,68.56,61.16,2025-09-29,3.0,Late delivery but good quality,Yes,Quality,WH004_Chennai,Chennai,4004,292,41.96,2025-10-05,VEH0045,Express_Bike,39.87,30.81,Pune,In_Transit,1.32823897558327,0.088,835.7799999999999,15.92712
ORD000139,2025-09-03,Individual,Express,Electronics,1423.38,Delhi,Pune,,EcoDeliver,1.0,4.0,Severely-Delayed,Perfect,1.0,495.14,72.0,True,Delhi-Pune,1212.91,142.06,970.32,56.0,,165.81,142.34,64.9,42.55,27.5,40.32,49.37,2025-09-07,1.0,Late delivery but good quality,No,,WH004_Chennai,Chennai,3993,867,36.38,2025-09-27,VEH0045,Express_Bike,39.87,30.81,Pune,In_Transit,1.32823897558327,0.088,532.79,106.73608
ORD000140,2025-09-01,Individual,Economy,Home Goods,380.8,Bangalore,Chennai,,ReliableExpress,10.0,10.0,On-Time,Perfect,4.0,652.02,0.0,False,Bangalore-Chennai,177.19,19.16,141.75,108.0,,210.78,166.51,71.39,33.87,45.37,73.09,43.73,2025-09-13,4.0,"No complaints, smooth process",Yes,Quality,WH005_Kolkata,Kolkata,2721,843,25.89,2025-10-01,VEH0032,Small_Van,717.2,10.89,Delhi,Maintenance,2.218789634106216,0.248,644.74,43.94312
ORD000141,2025-09-05,SMB,Standard,Electronics,207.43,Kolkata,Bangkok,,SpeedyLogistics,4.0,6.0,Slightly-Delayed,Perfect,3.0,734.19,48.0,True,Kolkata-Bangkok,2383.6,288.69,0.0,0.0,,252.87,233.15,92.1,68.33,68.5,59.03,65.27,2025-09-15,3.0,"No complaints, smooth process",No,,WH004_Chennai,Chennai,3993,867,36.38,2025-09-27,VEH0032,Small_Van,717.2,10.89,Delhi,Maintenance,2.218789634106216,0.248,839.25,591.1328
ORD000142,2025-09-26,SMB,Economy,Books,456.68,Bangalore,Hong Kong,,EcoDeliver,7.0,7.0,On-Time,Perfect,5.0,598.16,0.0,False,Bangalore-Hong Kong,3249.7,390.19,0.0,0.0,,207.01,208.69,74.27,59.42,52.48,53.8,46.01,2025-10-04,5.0,"No complaints, smooth process",No,Quality,WH001_Mumbai,Mumbai,4953,488,20.54,2025-10-10,VEH0032,Small_Van,717.2,10.89,Delhi,Maintenance,2.218789634106216,0.248,701.68,805.9255999999999
ORD000143,2025-09-14,Individual,Express,Home Goods,302.97,Chennai,Ahmedabad,,SpeedyLogistics,1.0,2.0,Slightly-Delayed,Incomplete,1.0,349.92,24.0,True,Chennai-Ahmedabad,1754.23,207.77,1403.39,37.0,,139.69,117.49,36.7,29.85,23.54,28.09,24.56,2025-09-18,1.0,Late delivery but good quality,No,Quality,WH005_Kolkata,Kolkata,2721,843,25.89,2025-10-01,VEH0045,Express_Bike,39.87,30.81,Pune,In_Transit,1.32823897558327,0.088,399.92,154.37224
ORD000144,2025-10-09,SMB,Standard,Books,645.14,Kolkata,Hong Kong,,GlobalTransit,3.0,5.0,Slightly-Delayed,Wrong_Item,2.0,539.6,48.0,True,Kolkata-Hong Kong,3312.45,401.32,0.0,0.0,,174.55,179.09,63.06,49.31,27.0,49.81,33.49,2025-10-16,2.0,"No complaints, smooth process",Yes,,WH001_Mumbai,Mumbai,4953,488,20.54,2025-10-10,VEH0032,Small_Van,717.2,10.89,Delhi,Maintenance,2.218789634106216,0.248,576.31,821.4875999999999
ORD000145,2025-09-27,Individual,Economy,Food & Beverage,67.26,Bangalore,Delhi,,QuickShip,10.0,10.0,On-Time,Perfect,5.0,777.65,0.0,False,Bangalore-Delhi,424.9,49.09,339.92,114.0,,251.46,199.72,85.04,60.48,50.21,75.2,53.54,2025-10-08,5.0,"Perfect condition, thank you",No,,WH001_Mumbai,Mumbai,4690,823,10.29,2025-10-04,VEH0010,Refrigerated,2319.65,7.9,Bangalore,Available,2.816258180055057,0.342,775.6500000000001,145.3158
ORD000146,2025-09-09,Individual,Standard,Home Goods,611.41,Delhi,Bangalore,Temperature_Controlled,QuickShip,4.0,5.0,Slightly-Delayed,Perfect,3.0,747.94,24.0,True,Delhi-Bangalore,1361.22,166.83,1088.98,86.0,,289.89,254.7,93.23,49.74,41.39,88.36,39.65,2025-09-14,3.0,Wrong item delivered,Yes,,WH005_Kolkata,Kolkata,2721,843,25.89,2025-10-01,VEH0032,Small_Van,717.2,10.89,Delhi,Maintenance,2.218789634106216,0.248,856.9599999999999,337.58256
ORD000147,2025-09-15,Individual,Standard,Industrial,137.35,Hyderabad,Chennai,,GlobalTransit,5.0,6.0,Slightly-Delayed,Perfect,3.0,618.15,24.0,True,Hyderabad-Chennai,1623.27,197.97,1298.62,111.0,Light_Rain,203.84,172.96,71.72,35.99,55.11,52.48,50.53,2025-09-21,3.0,"Perfect condition, thank you",No,,WH003_Bangalore,Bangalore,3745,728,43.58,2025-09-24,VEH0045,Express_Bike,39.87,30.81,Pune,In_Transit,1.32823897558327,0.088,642.63,142.84776
ORD000148,2025-09-15,SMB,Standard,Electronics,1570.0,Delhi,Mumbai,,EcoDeliver,3.0,3.0,On-Time,Perfect,5.0,285.28,0.0,False,Delhi-Mumbai,408.74,47.76,326.99,46.0,Light_Rain,89.12,73.33,41.5,16.98,25.98,29.04,15.37,,,,,,WH004_Chennai,Chennai,3993,867,36.38,2025-09-27,VEH0032,Small_Van,717.2,10.89,Delhi,Maintenance,2.218789634106216,0.248,291.32,101.36752
ORD000149,2025-09-26,SMB,Standard,Fashion,147.13,Bangalore,Chennai,,ReliableExpress,4.0,4.0,On-Time,Perfect,5.0,542.75,0.0,False,Bangalore-Chennai,1774.26,215.45,1419.41,84.0,,214.68,149.09,77.6,31.72,50.31,43.71,41.03,2025-10-04,5.0,Poor customer service response,Yes,Timing,WH004_Chennai,Chennai,4004,292,41.96,2025-10-05,VEH0045,Express_Bike,39.87,30.81,Pune,In_Transit,1.32823897558327,0.088,608.1400000000001,156.13487999999998
ORD000150,2025-10-12,Enterprise,Standard,Healthcare,151.01,Ahmedabad,Dubai,,QuickShip,5.0,5.0,On-Time,Perfect,4.0,410.63,0.0,False,Ahmedabad-Dubai,2448.8,292.66,0.0,0.0,,154.78,141.04,59.73,37.36,38.77,36.12,26.37,2025-10-21,4.0,Late delivery but good quality,Yes,Timing,WH004_Chennai,Chennai,3916,398,25.31,2025-10-02,VEH0010,Refrigerated,2319.65,7.9,Bangalore,Available,2.816258180055057,0.342,494.17,837.4896000000001
ORD000151,2025-09-13,SMB,Standard,Electronics,786.9,Mumbai,Ahmedabad,,,,,,,,,,,,,,,,,,,,,,,,,,,,,WH004_Chennai,Chennai,3993,867,36.38,2025-09-27,VEH0032,Small_Van,717.2,10.89,Delhi,Maintenance,2.218789634106216,0.248,0.0,
ORD000152,2025-10-02,Enterprise,Economy,Electronics,412.12,Mumbai,Ahmedabad,,,,,,,,,,,,,,,,,,,,,,,,,,,,,WH004_Chennai,Chennai,3993,867,36.38,2025-09-27,VEH0032,Small_Van,717.2,10.89,Delhi,Maintenance,2.218789634106216,0.248,0.0,
ORD000153,2025-10-09,SMB,Express,Food & Beverage,12270.8,Delhi,Bangkok,Fragile,,,,,,,,,,,,,,,,,,,,,,,,,,,,WH001_Mumbai,Mumbai,4690,823,10.29,2025-10-04,VEH0045,Express_Bike,39.87,30.81,Pune,In_Transit,1.32823897558327,0.088,0.0,
ORD000154,2025-10-19,SMB,Standard,Industrial,35.02,Pune,Chennai,Fragile,,,,,,,,,,,,,,,,,,,,,,,,,,,,WH003_Bangalore,Bangalore,3745,728,43.58,2025-09-24,VEH0045,Express_Bike,39.87,30.81,Pune,In_Transit,1.32823897558327,0.088,0.0,
ORD000155,2025-10-02,Enterprise,Economy,Healthcare,475.7,Mumbai,Bangalore,,,,,,,,,,,,,,,,,,,,,,,,,,,,,WH004_Chennai,Chennai,3916,398,25.31,2025-10-02,VEH0010,Refrigerated,2319.65,7.9,Bangalore,Available,2.816258180055057,0.342,0.0,
ORD000156,2025-09-04,SMB,Economy,Home Goods,2196.18,Mumbai,Kolkata,Temperature_Controlled,,,,,,,,,,,,,,,,,,,,,,,,,,,,WH005_Kolkata,Kolkata,2721,843,25.89,2025-10-01,VEH0032,Small_Van,717.2,10.89,Delhi,Maintenance,2.218789634106216,0.248,0.0,
ORD000157,2025-09-30,Enterprise,Standard,Home Goods,169.45,Mumbai,Pune,,,,,,,,,,,,,,,,,,,,,,,,,,,,,WH005_Kolkata,Kolkata,2721,843,25.89,2025-10-01,VEH0032,Small_Van,717.2,10.89,Delhi,Maintenance,2.218789634106216,0.248,0.0,
ORD000158,2025-10-07,Enterprise,Standard,Home Goods,102.94,Mumbai,Bangkok,,,,,,,,,,,,,,,,,,,,,,,,,,,,,WH005_Kolkata,Kolkata,2721,843,25.89,2025-10-01,VEH0032,Small_Van,717.2,10.89,Delhi,Maintenance,2.218789634106216,0.248,0.0,
ORD000159,2025-09-23,Individual,Standard,Books,109.26,Mumbai,Bangkok,,,,,,,,,,,,,,,,,,,,,,,,,,,,,WH001_Mumbai,Mumbai,4953,488,20.54,2025-10-10,VEH0032,Small_Van,717.2,10.89,Delhi,Maintenance,2.218789634106216,0.248,0.0,
ORD000160,2025-10-09,SMB,Express,Books,35.95,Bangalore,Chennai,Hazmat,,,,,,,,,,,,,,,,,,,,,,,,,,,,WH001_Mumbai,Mumbai,4953,488,20.54,2025-10-10,VEH0045,Express_Bike,39.87,30.81,Pune,In_Transit,1.32823897558327,0.088,0.0,
ORD000161,2025-10-15,Enterprise,Standard,Fashion,3055.07,Bangalore,Mumbai,,,,,,,,,,,,,,,,,,,,,,,,,,,,,WH004_Chennai,Chennai,4004,292,41.96,2025-10-05,VEH0045,Express_Bike,39.87,30.81,Pune,In_Transit,1.32823897558327,0.088,0.0,
ORD000162,2025-09-15,SMB,Standard,Healthcare,246.06,Delhi,Singapore,,,,,,,,,,,,,,,,,,,,,,,,,,,,,WH004_Chennai,Chennai,3916,398,25.31,2025-10-02,VEH0010,Refrigerated,2319.65,7.9,Bangalore,Available,2.816258180055057,0.342,0.0,
ORD000163,2025-10-13,Individual,Standard,Home Goods,206.02,Delhi,Hyderabad,,,,,,,,,,,,,,,,,,,,,,,,,,,,,WH005_Kolkata,Kolkata,2721,843,25.89,2025-10-01,VEH0032,Small_Van,717.2,10.89,Delhi,Maintenance,2.218789634106216,0.248,0.0,
ORD000164,2025-09-29,Enterprise,Express,Books,16.67,Mumbai,Hyderabad,,,,,,,,,,,,,,,,,,,,,,,,,,,,,WH001_Mumbai,Mumbai,4953,488,20.54,2025-10-10,VEH0045,Express_Bike,39.87,30.81,Pune,In_Transit,1.32823897558327,0.088,0.0,
ORD000165,2025-10-06,SMB,Economy,Fashion,46.97,Delhi,Bangkok,,,,,,,,,,,,,,,,,,,,,,,,,,,,,WH004_Chennai,Chennai,4004,292,41.96,2025-10-05,VEH0045,Express_Bike,39.87,30.81,Pune,In_Transit,1.32823897558327,0.088,0.0,
ORD000166,2025-09-13,Enterprise,Economy,Industrial,3633.98,Bangalore,Kolkata,,,,,,,,,,,,,,,,,,,,,,,,,,,,,WH003_Bangalore,Bangalore,3745,728,43.58,2025-09-24,VEH0045,Express_Bike,39.87,30.81,Pune,In_Transit,1.32823897558327,0.088,0.0,
ORD000167,2025-10-02,Enterprise,Standard,Fashion,635.66,Kolkata,Pune,,,,,,,,,,,,,,,,,,,,,,,,,,,,,WH004_Chennai,Chennai,4004,292,41.96,2025-10-05,VEH0045,Express_Bike,39.87,30.81,Pune,In_Transit,1.32823897558327,0.088,0.0,
ORD000168,2025-09-07,SMB,Standard,Books,2320.99,Mumbai,Chennai,,,,,,,,,,,,,,,,,,,,,,,,,,,,,WH001_Mumbai,Mumbai,4953,488,20.54,2025-10-10,VEH0032,Small_Van,717.2,10.89,Delhi,Maintenance,2.218789634106216,0.248,0.0,
ORD000169,2025-09-22,SMB,Standard,Food & Beverage,1919.82,Bangalore,Dubai,,,,,,,,,,,,,,,,,,,,,,,,,,,,,WH001_Mumbai,Mumbai,4690,823,10.29,2025-10-04,VEH0010,Refrigerated,2319.65,7.9,Bangalore,Available,2.816258180055057,0.342,0.0,
ORD000170,2025-09-28,SMB,Economy,Food & Beverage,89.93,Delhi,Hyderabad,,,,,,,,,,,,,,,,,,,,,,,,,,,,,WH001_Mumbai,Mumbai,4690,823,10.29,2025-10-04,VEH0010,Refrigerated,2319.65,7.9,Bangalore,Available,2.816258180055057,0.342,0.0,
ORD000171,2025-09-02,Individual,Standard,Home Goods,15440.85,Hyderabad,Bangalore,,,,,,,,,,,,,,,,,,,,,,,,,,,,,WH005_Kolkata,Kolkata,2721,843,25.89,2025-10-01,VEH0032,Small_Van,717.2,10.89,Delhi,Maintenance,2.218789634106216,0.248,0.0,
ORD000172,2025-10-12,Individual,Express,Food & Beverage,7514.57,Chennai,Bangkok,,,,,,,,,,,,,,,,,,,,,,,,,,,,,WH001_Mumbai,Mumbai,4690,823,10.29,2025-10-04,VEH0045,Express_Bike,39.87,30.81,Pune,In_Transit,1.32823897558327,0.088,0.0,
ORD000173,2025-10-15,SMB,Economy,Home Goods,173.18,Bangalore,Mumbai,,,,,,,,,,,,,,,,,,,,,,,,,,,,,WH005_Kolkata,Kolkata,2721,843,25.89,2025-10-01,VEH0032,Small_Van,717.2,10.89,Delhi,Maintenance,2.218789634106216,0.248,0.0,
ORD000174,2025-09-06,SMB,Economy,Home Goods,1.91,Delhi,Hong Kong,,,,,,,,,,,,,,,,,,,,,,,,,,,,,WH005_Kolkata,Kolkata,2721,843,25.89,2025-10-01,VEH0032,Small_Van,717.2,10.89,Delhi,Maintenance,2.218789634106216,0.248,0.0,
ORD000175,2025-09-28,Individual,Economy,Books,236.32,Pune,Hyderabad,,,,,,,,,,,,,,,,,,,,,,,,,,,,,WH001_Mumbai,Mumbai,4953,488,20.54,2025-10-10,VEH0032,Small_Van,717.2,10.89,Delhi,Maintenance,2.218789634106216,0.248,0.0,
ORD000176,2025-09-28,Enterprise,Economy,Food & Beverage,576.77,Mumbai,Bangalore,Hazmat,,,,,,,,,,,,,,,,,,,,,,,,,,,,WH001_Mumbai,Mumbai,4690,823,10.29,2025-10-04,VEH0010,Refrigerated,2319.65,7.9,Bangalore,Available,2.816258180055057,0.342,0.0,
ORD000177,2025-10-14,SMB,Standard,Home Goods,172.16,Mumbai,Chennai,,,,,,,,,,,,,,,,,,,,,,,,,,,,,WH005_Kolkata,Kolkata,2721,843,25.89,2025-10-01,VEH0032,Small_Van,717.2,10.89,Delhi,Maintenance,2.218789634106216,0.248,0.0,
ORD000178,2025-10-14,Enterprise,Standard,Healthcare,289.37,Delhi,Mumbai,,,,,,,,,,,,,,,,,,,,,,,,,,,,,WH004_Chennai,Chennai,3916,398,25.31,2025-10-02,VEH0010,Refrigerated,2319.65,7.9,Bangalore,Available,2.816258180055057,0.342,0.0,
ORD000179,2025-09-20,Enterprise,Economy,Industrial,116.4,Mumbai,Dubai,,,,,,,,,,,,,,,,,,,,,,,,,,,,,WH003_Bangalore,Bangalore,3745,728,43.58,2025-09-24,VEH0045,Express_Bike,39.87,30.81,Pune,In_Transit,1.32823897558327,0.088,0.0,
ORD000180,2025-09-30,Individual,Economy,Fashion,1607.53,Pune,Singapore,,,,,,,,,,,,,,,,,,,,,,,,,,,,,WH004_Chennai,Chennai,4004,292,41.96,2025-10-05,VEH0045,Express_Bike,39.87,30.81,Pune,In_Transit,1.32823897558327,0.088,0.0,
ORD000181,2025-09-11,Individual,Express,Fashion,443.83,Kolkata,Delhi,,,,,,,,,,,,,,,,,,,,,,,,,,,,,WH004_Chennai,Chennai,4004,292,41.96,2025-10-05,VEH0045,Express_Bike,39.87,30.81,Pune,In_Transit,1.32823897558327,0.088,0.0,
ORD000182,2025-09-28,SMB,Express,Books,1681.21,Delhi,Bangkok,,,,,,,,,,,,,,,,,,,,,,,,,,,,,WH001_Mumbai,Mumbai,4953,488,20.54,2025-10-10,VEH0045,Express_Bike,39.87,30.81,Pune,In_Transit,1.32823897558327,0.088,0.0,
ORD000183,2025-09-25,SMB,Standard,Food & Beverage,2523.26,Bangalore,Singapore,,,,,,,,,,,,,,,,,,,,,,,,,,,,,WH001_Mumbai,Mumbai,4690,823,10.29,2025-10-04,VEH0010,Refrigerated,2319.65,7.9,Bangalore,Available,2.816258180055057,0.342,0.0,
ORD000184,2025-10-09,Enterprise,Economy,Food & Beverage,15.46,Ahmedabad,Dubai,,,,,,,,,,,,,,,,,,,,,,,,,,,,,WH001_Mumbai,Mumbai,4690,823,10.29,2025-10-04,VEH0010,Refrigerated,2319.65,7.9,Bangalore,Available,2.816258180055057,0.342,0.0,
ORD000185,2025-10-03,Enterprise,Economy,Home Goods,127.0,Hyderabad,Mumbai,Temperature_Controlled,,,,,,,,,,,,,,,,,,,,,,,,,,,,WH005_Kolkata,Kolkata,2721,843,25.89,2025-10-01,VEH0032,Small_Van,717.2,10.89,Delhi,Maintenance,2.218789634106216,0.248,0.0,
ORD000186,2025-09-01,Enterprise,Express,Electronics,158.22,Chennai,Hyderabad,Fragile,,,,,,,,,,,,,,,,,,,,,,,,,,,,WH004_Chennai,Chennai,3993,867,36.38,2025-09-27,VEH0045,Express_Bike,39.87,30.81,Pune,In_Transit,1.32823897558327,0.088,0.0,
ORD000187,2025-09-27,SMB,Standard,Home Goods,19092.65,Pune,Singapore,,,,,,,,,,,,,,,,,,,,,,,,,,,,,WH005_Kolkata,Kolkata,2721,843,25.89,2025-10-01,VEH0032,Small_Van,717.2,10.89,Delhi,Maintenance,2.218789634106216,0.248,0.0,
ORD000188,2025-09-13,Individual,Standard,Industrial,504.47,Ahmedabad,Bangkok,,,,,,,,,,,,,,,,,,,,,,,,,,,,,WH003_Bangalore,Bangalore,3745,728,43.58,2025-09-24,VEH0045,Express_Bike,39.87,30.81,Pune,In_Transit,1.32823897558327,0.088,0.0,
ORD000189,2025-10-11,SMB,Economy,Healthcare,1364.91,Kolkata,Delhi,Fragile,,,,,,,,,,,,,,,,,,,,,,,,,,,,WH004_Chennai,Chennai,3916,398,25.31,2025-10-02,VEH0010,Refrigerated,2319.65,7.9,Bangalore,Available,2.816258180055057,0.342,0.0,
ORD000190,2025-09-03,Enterprise,Economy,Fashion,24.02,Mumbai,Kolkata,,,,,,,,,,,,,,,,,,,,,,,,,,,,,WH004_Chennai,Chennai,4004,292,41.96,2025-10-05,VEH0045,Express_Bike,39.87,30.81,Pune,In_Transit,1.32823897558327,0.088,0.0,
ORD000191,2025-10-09,Individual,Economy,Home Goods,500.11,Delhi,Ahmedabad,,,,,,,,,,,,,,,,,,,,,,,,,,,,,WH005_Kolkata,Kolkata,2721,843,25.89,2025-10-01,VEH0032,Small_Van,717.2,10.89,Delhi,Maintenance,2.218789634106216,0.248,0.0,
ORD000192,2025-09-06,Individual,Standard,Electronics,1750.12,Hyderabad,Bangalore,Hazmat,,,,,,,,,,,,,,,,,,,,,,,,,,,,WH004_Chennai,Chennai,3993,867,36.38,2025-09-27,VEH0032,Small_Van,717.2,10.89,Delhi,Maintenance,2.218789634106216,0.248,0.0,
ORD000193,2025-09-08,SMB,Standard,Electronics,1469.9,Mumbai,Hyderabad,,,,,,,,,,,,,,,,,,,,,,,,,,,,,WH004_Chennai,Chennai,3993,867,36.38,2025-09-27,VEH0032,Small_Van,717.2,10.89,Delhi,Maintenance,2.218789634106216,0.248,0.0,
ORD000194,2025-09-27,SMB,Standard,Home Goods,1027.72,Hyderabad,Singapore,,,,,,,,,,,,,,,,,,,,,,,,,,,,,WH005_Kolkata,Kolkata,2721,843,25.89,2025-10-01,VEH0032,Small_Van,717.2,10.89,Delhi,Maintenance,2.218789634106216,0.248,0.0,
ORD000195,2025-09-09,SMB,Express,Books,411.37,Mumbai,Hong Kong,Hazmat,,,,,,,,,,,,,,,,,,,,,,,,,,,,WH001_Mumbai,Mumbai,4953,488,20.54,2025-10-10,VEH0045,Express_Bike,39.87,30.81,Pune,In_Transit,1.32823897558327,0.088,0.0,
ORD000196,2025-10-07,Enterprise,Economy,Fashion,442.46,Mumbai,Chennai,,,,,,,,,,,,,,,,,,,,,,,,,,,,,WH004_Chennai,Chennai,4004,292,41.96,2025-10-05,VEH0045,Express_Bike,39.87,30.81,Pune,In_Transit,1.32823897558327,0.088,0.0,
ORD000197,2025-10-03,SMB,Economy,Books,31.82,Delhi,Kolkata,,,,,,,,,,,,,,,,,,,,,,,,,,,,,WH001_Mumbai,Mumbai,4953,488,20.54,2025-10-10,VEH0032,Small_Van,717.2,10.89,Delhi,Maintenance,2.218789634106216,0.248,0.0,
ORD000198,2025-10-12,Individual,Economy,Healthcare,104.5,Mumbai,Dubai,,,,,,,,,,,,,,,,,,,,,,,,,,,,,WH004_Chennai,Chennai,3916,398,25.31,2025-10-02,VEH0010,Refrigerated,2319.65,7.9,Bangalore,Available,2.816258180055057,0.342,0.0,
ORD000199,2025-10-14,Enterprise,Economy,Electronics,570.44,Pune,Ahmedabad,Fragile,,,,,,,,,,,,,,,,,,,,,,,,,,,,WH004_Chennai,Chennai,3993,867,36.38,2025-09-27,VEH0032,Small_Van,717.2,10.89,Delhi,Maintenance,2.218789634106216,0.248,0.0,
ORD000200,2025-09-24,Enterprise,Standard,Electronics,137.83,Hyderabad,Mumbai,Temperature_Controlled,,,,,,,,,,,,,,,,,,,,,,,,,,,,WH004_Chennai,Chennai,3993,867,36.38,2025-09-27,VEH0032,Small_Van,717.2,10.89,Delhi,Maintenance,2.218789634106216,0.248,0.0,
